entry_date,report_date,asset,direction,nr_net_rank,entry_price,price_1w,price_2w,price_4w,ret_1w_pct,ret_2w_pct,ret_4w_pct,correct_4w,split,prev_4w_ret_pct
2014-07-11,2014-07-01,AUD,SHORT,1.0,0.6973,0.6973,0.6973,0.6973,-0.0,-0.0,-0.0,NO,IS,0.0
2014-07-18,2014-07-08,AUD,SHORT,0.889,0.6973,0.6973,0.6973,0.6973,-0.0,-0.0,-0.0,NO,IS,0.0
2014-08-01,2014-07-22,AUD,SHORT,0.897,0.6973,0.6973,0.6973,0.6973,-0.0,-0.0,-0.0,NO,IS,0.0
2014-08-08,2014-07-29,AUD,SHORT,0.867,0.6973,0.6973,0.6973,0.6973,-0.0,-0.0,-0.0,NO,IS,0.0
2014-10-17,2014-10-07,AUD,LONG,0.1,0.6973,0.6973,0.6973,0.6973,0.0,0.0,0.0,NO,IS,0.0
2014-10-24,2014-10-14,AUD,LONG,0.146,0.6973,0.6973,0.6973,0.6973,0.0,0.0,0.0,NO,IS,0.0
2014-10-31,2014-10-21,AUD,LONG,0.143,0.6973,0.6973,0.6973,0.6973,0.0,0.0,0.0,NO,IS,0.0
2014-11-14,2014-11-04,AUD,LONG,0.114,0.6973,0.6973,0.6973,0.6973,0.0,0.0,0.0,NO,IS,0.0
2014-11-21,2014-11-11,AUD,LONG,0.067,0.6973,0.6973,0.6973,0.6973,0.0,0.0,0.0,NO,IS,0.0
2014-11-28,2014-11-18,AUD,LONG,0.13,0.6973,0.6973,0.6973,0.6973,0.0,0.0,0.0,NO,IS,0.0
2014-12-12,2014-12-02,AUD,LONG,0.125,0.6973,0.6973,0.6973,0.6973,0.0,0.0,0.0,NO,IS,0.0
2014-12-19,2014-12-09,AUD,LONG,0.082,0.6973,0.6973,0.6973,0.6973,0.0,0.0,0.0,NO,IS,0.0
2014-12-26,2014-12-16,AUD,LONG,0.06,0.6973,0.6973,0.6973,0.6973,0.0,0.0,0.0,NO,IS,0.0
2015-01-02,2014-12-23,AUD,LONG,0.059,0.6973,0.6973,0.6973,0.6973,0.0,0.0,0.0,NO,IS,0.0
2015-01-09,2014-12-30,AUD,LONG,0.058,0.6973,0.6973,0.6973,0.6973,0.0,0.0,0.0,NO,IS,0.0
2015-01-16,2015-01-06,AUD,LONG,0.019,0.6973,0.6973,0.6973,0.6973,0.0,0.0,0.0,NO,IS,0.0
2015-01-23,2015-01-13,AUD,LONG,0.038,0.6973,0.6973,0.6973,0.6973,0.0,0.0,0.0,NO,IS,0.0
2015-01-30,2015-01-20,AUD,LONG,0.019,0.6973,0.6973,0.6973,0.6973,0.0,0.0,0.0,NO,IS,0.0
2015-02-06,2015-01-27,AUD,LONG,0.019,0.6973,0.6973,0.6973,0.6973,0.0,0.0,0.0,NO,IS,0.0
2015-02-13,2015-02-03,AUD,LONG,0.019,0.6973,0.6973,0.6973,0.6973,0.0,0.0,0.0,NO,IS,0.0
2015-02-20,2015-02-10,AUD,LONG,0.058,0.6973,0.6973,0.6973,0.6973,0.0,0.0,0.0,NO,IS,0.0
2015-02-27,2015-02-17,AUD,LONG,0.077,0.6973,0.6973,0.6973,0.6973,0.0,0.0,0.0,NO,IS,0.0
2015-03-06,2015-02-24,AUD,LONG,0.096,0.6973,0.6973,0.6973,0.6973,0.0,0.0,0.0,NO,IS,0.0
2015-03-13,2015-03-03,AUD,LONG,0.135,0.6973,0.6973,0.6973,0.6973,0.0,0.0,0.0,NO,IS,0.0
2015-03-20,2015-03-10,AUD,LONG,0.019,0.6973,0.6973,0.6973,0.6973,0.0,0.0,0.0,NO,IS,0.0
2015-03-27,2015-03-17,AUD,LONG,0.135,0.6973,0.6973,0.6973,0.6973,0.0,0.0,0.0,NO,IS,0.0
2015-04-17,2015-04-07,AUD,LONG,0.135,0.6973,0.6973,0.6973,0.6973,0.0,0.0,0.0,NO,IS,0.0
2015-04-24,2015-04-14,AUD,LONG,0.096,0.6973,0.6973,0.6973,0.6973,0.0,0.0,0.0,NO,IS,0.0
2015-07-31,2015-07-21,AUD,LONG,0.038,0.6973,0.6973,0.6973,0.6973,0.0,0.0,0.0,NO,IS,0.0
2015-08-07,2015-07-28,AUD,LONG,0.019,0.6973,0.6973,0.6973,0.6973,0.0,0.0,0.0,NO,IS,0.0
2015-08-14,2015-08-04,AUD,LONG,0.019,0.6973,0.6973,0.6973,0.6973,0.0,0.0,0.0,NO,IS,0.0
2015-09-18,2015-09-08,AUD,LONG,0.038,0.6973,0.6973,0.6973,0.6973,0.0,0.0,0.0,NO,IS,0.0
2015-10-23,2015-10-13,AUD,SHORT,0.942,0.6973,0.6973,0.6973,0.6973,-0.0,-0.0,-0.0,NO,IS,0.0
2015-10-30,2015-10-20,AUD,SHORT,0.962,0.6973,0.6973,0.6973,0.6973,-0.0,-0.0,-0.0,NO,IS,0.0
2015-11-06,2015-10-27,AUD,SHORT,0.962,0.6973,0.6973,0.6973,0.6973,-0.0,-0.0,-0.0,NO,IS,0.0
2015-12-11,2015-12-01,AUD,SHORT,0.942,0.6973,0.6973,0.6973,0.6977,-0.0,-0.0,-0.057,NO,IS,0.0
2015-12-18,2015-12-08,AUD,SHORT,1.0,0.6973,0.6973,0.6973,0.6973,-0.0,-0.0,-0.0,NO,IS,0.0
2015-12-25,2015-12-15,AUD,SHORT,0.981,0.6973,0.6973,0.6977,0.7063,-0.0,-0.057,-1.291,NO,IS,0.0
2016-01-01,2015-12-22,AUD,SHORT,0.923,0.6973,0.6977,0.6973,0.7191,-0.057,-0.0,-3.126,NO,IS,0.0
2016-01-08,2015-12-29,AUD,SHORT,0.981,0.6977,0.6973,0.7063,0.7088,0.057,-1.233,-1.591,NO,IS,0.057
2016-01-15,2016-01-05,AUD,SHORT,0.904,0.6973,0.7063,0.7191,0.7151,-1.291,-3.126,-2.553,NO,IS,0.0
2016-02-19,2016-02-09,AUD,SHORT,1.0,0.7234,0.7352,0.7452,0.7494,-1.631,-3.014,-3.594,NO,IS,2.421
2016-02-26,2016-02-16,AUD,SHORT,1.0,0.7352,0.7452,0.7621,0.765,-1.36,-3.659,-4.053,NO,IS,2.239
2016-03-04,2016-02-23,AUD,SHORT,1.0,0.7452,0.7621,0.7494,0.7485,-2.268,-0.564,-0.443,NO,IS,5.135
2016-03-11,2016-03-01,AUD,SHORT,0.981,0.7621,0.7494,0.765,0.7683,1.666,-0.381,-0.814,NO,IS,6.573
2016-03-18,2016-03-08,AUD,SHORT,1.0,0.7494,0.765,0.7485,0.7727,-2.082,0.12,-3.109,NO,IS,3.594
2016-03-25,2016-03-15,AUD,SHORT,1.0,0.765,0.7485,0.7683,0.7622,2.157,-0.431,0.366,YES,IS,4.053
2016-04-01,2016-03-22,AUD,SHORT,1.0,0.7485,0.7683,0.7727,0.7449,-2.645,-3.233,0.481,YES,IS,0.443
2016-04-08,2016-03-29,AUD,SHORT,0.981,0.7683,0.7727,0.7622,0.732,-0.573,0.794,4.725,YES,IS,0.814
2016-04-15,2016-04-05,AUD,SHORT,0.962,0.7727,0.7622,0.7449,0.7215,1.359,3.598,6.626,YES,IS,3.109
2016-04-22,2016-04-12,AUD,SHORT,0.923,0.7622,0.7449,0.732,0.721,2.27,3.962,5.405,YES,IS,-0.366
2016-04-29,2016-04-19,AUD,SHORT,0.904,0.7449,0.732,0.7215,0.722,1.732,3.141,3.074,YES,IS,-0.481
2016-05-06,2016-04-26,AUD,SHORT,0.885,0.732,0.7215,0.721,0.7445,1.434,1.503,-1.708,NO,IS,-4.725
2016-05-13,2016-05-03,AUD,SHORT,0.865,0.7215,0.721,0.722,0.7347,0.069,-0.069,-1.83,NO,IS,-6.626
2016-07-22,2016-07-12,AUD,SHORT,0.865,0.749,0.7624,0.7697,0.7611,-1.789,-2.764,-1.615,NO,IS,0.889
2016-08-26,2016-08-16,AUD,SHORT,0.904,0.7552,0.7641,0.7515,0.763,-1.178,0.49,-1.033,NO,IS,-0.944
2017-01-13,2017-01-03,AUD,LONG,0.096,0.7547,0.7544,0.7654,0.769,-0.04,1.418,1.895,YES,IS,4.892
2017-01-20,2017-01-10,AUD,LONG,0.077,0.7544,0.7654,0.7622,0.7712,1.458,1.034,2.227,YES,IS,4.851
2017-01-27,2017-01-17,AUD,LONG,0.115,0.7654,0.7622,0.769,0.7566,-0.418,0.47,-1.15,NO,IS,4.534
2017-03-31,2017-03-21,AUD,SHORT,0.981,0.754,0.7583,0.7525,0.7399,-0.57,0.199,1.87,YES,IS,0.453
2017-05-19,2017-05-09,AUD,LONG,0.058,0.7452,0.7373,0.7546,0.7541,-1.06,1.261,1.194,YES,IS,-0.228
2017-05-26,2017-05-16,AUD,LONG,0.019,0.7373,0.7546,0.7582,0.7676,2.346,2.835,4.11,YES,IS,-0.351
2017-06-02,2017-05-23,AUD,LONG,0.058,0.7546,0.7582,0.7541,0.7584,0.477,-0.066,0.504,YES,IS,2.36
2017-06-09,2017-05-30,AUD,LONG,0.096,0.7582,0.7541,0.7676,0.7731,-0.541,1.24,1.965,YES,IS,2.307
2017-07-28,2017-07-18,AUD,SHORT,1.0,0.7943,0.7891,0.7902,0.7948,0.655,0.516,-0.063,NO,IS,4.734
2017-08-04,2017-07-25,AUD,SHORT,1.0,0.7891,0.7902,0.7903,0.8029,-0.139,-0.152,-1.749,NO,IS,2.07
2017-08-11,2017-08-01,AUD,SHORT,1.0,0.7902,0.7903,0.7948,0.7986,-0.013,-0.582,-1.063,NO,IS,-0.716
2017-08-18,2017-08-08,AUD,SHORT,0.981,0.7903,0.7948,0.8029,0.7928,-0.569,-1.594,-0.316,NO,IS,-0.816
2017-08-25,2017-08-15,AUD,SHORT,0.981,0.7948,0.8029,0.7986,0.7857,-1.019,-0.478,1.145,YES,IS,0.063
2017-09-01,2017-08-22,AUD,SHORT,0.942,0.8029,0.7986,0.7928,0.7789,0.536,1.258,2.989,YES,IS,1.749
2017-09-08,2017-08-29,AUD,SHORT,0.923,0.7986,0.7928,0.7857,0.7828,0.726,1.615,1.978,YES,IS,1.063
2017-09-15,2017-09-05,AUD,SHORT,0.981,0.7928,0.7857,0.7789,0.7861,0.896,1.753,0.845,YES,IS,0.316
2017-09-22,2017-09-12,AUD,SHORT,1.0,0.7857,0.7789,0.7828,0.7665,0.865,0.369,2.444,YES,IS,-1.145
2017-12-22,2017-12-12,AUD,LONG,0.058,0.7797,0.7865,0.7893,0.8021,0.872,1.231,2.873,YES,IS,3.067
2018-05-04,2018-04-24,AUD,LONG,0.058,0.7536,0.7509,0.7579,0.7621,-0.358,0.571,1.128,YES,IS,-2.837
2018-05-11,2018-05-01,AUD,LONG,0.038,0.7509,0.7579,0.7567,0.7484,0.932,0.772,-0.333,NO,IS,-2.784
2018-05-18,2018-05-08,AUD,LONG,0.019,0.7579,0.7567,0.7621,0.7391,-0.158,0.554,-2.481,NO,IS,0.344
2018-05-25,2018-05-15,AUD,LONG,0.019,0.7567,0.7621,0.7484,0.7347,0.714,-1.097,-2.907,NO,IS,0.478
2018-06-01,2018-05-22,AUD,LONG,0.019,0.7621,0.7484,0.7391,0.7379,-1.798,-3.018,-3.175,NO,IS,1.128
2018-06-08,2018-05-29,AUD,LONG,0.058,0.7484,0.7391,0.7347,0.7405,-1.243,-1.831,-1.056,NO,IS,-0.333
2018-06-15,2018-06-05,AUD,LONG,0.096,0.7391,0.7347,0.7379,0.7359,-0.595,-0.162,-0.433,NO,IS,-2.481
2018-06-22,2018-06-12,AUD,LONG,0.135,0.7347,0.7379,0.7405,0.7379,0.436,0.789,0.436,YES,IS,-2.907
2018-06-29,2018-06-19,AUD,LONG,0.077,0.7379,0.7405,0.7359,0.7364,0.352,-0.271,-0.203,NO,IS,-3.175
2018-07-06,2018-06-26,AUD,LONG,0.038,0.7405,0.7359,0.7379,0.7385,-0.621,-0.351,-0.27,NO,IS,-1.056
2018-07-13,2018-07-03,AUD,LONG,0.019,0.7359,0.7379,0.7364,0.726,0.272,0.068,-1.345,NO,IS,-0.433
2018-07-20,2018-07-10,AUD,LONG,0.038,0.7379,0.7364,0.7385,0.7246,-0.203,0.081,-1.802,NO,IS,0.436
2018-07-27,2018-07-17,AUD,LONG,0.115,0.7364,0.7385,0.726,0.7257,0.285,-1.412,-1.453,NO,IS,-0.203
2018-08-03,2018-07-24,AUD,LONG,0.135,0.7385,0.726,0.7246,0.7203,-1.693,-1.882,-2.464,NO,IS,-0.27
2018-08-10,2018-07-31,AUD,LONG,0.135,0.726,0.7246,0.7257,0.7195,-0.193,-0.041,-0.895,NO,IS,-1.345
2018-08-17,2018-08-07,AUD,LONG,0.038,0.7246,0.7257,0.7203,0.7291,0.152,-0.593,0.621,YES,IS,-1.802
2018-08-24,2018-08-14,AUD,LONG,0.019,0.7257,0.7203,0.7195,0.7212,-0.744,-0.854,-0.62,NO,IS,-1.453
2018-08-31,2018-08-21,AUD,LONG,0.019,0.7203,0.7195,0.7291,0.7076,-0.111,1.222,-1.763,NO,IS,-2.464
2018-09-14,2018-09-04,AUD,LONG,0.058,0.7291,0.7212,0.7076,0.7109,-1.084,-2.949,-2.496,NO,IS,0.621
2018-09-21,2018-09-11,AUD,LONG,0.096,0.7212,0.7076,0.7106,0.7086,-1.886,-1.47,-1.747,NO,IS,-0.62
2018-09-28,2018-09-18,AUD,LONG,0.038,0.7076,0.7106,0.7109,0.7208,0.424,0.466,1.865,YES,IS,-1.763
2018-11-09,2018-10-30,AUD,LONG,0.115,0.7291,0.7266,0.7322,0.7226,-0.343,0.425,-0.892,NO,IS,2.56
2019-05-24,2019-05-14,AUD,SHORT,0.885,0.6914,0.6977,0.6917,0.7008,-0.911,-0.043,-1.36,NO,IS,-1.2
2019-05-31,2019-05-21,AUD,SHORT,0.865,0.6977,0.6917,0.6928,0.7041,0.86,0.702,-0.917,NO,IS,-0.257
2019-06-21,2019-06-11,AUD,SHORT,0.923,0.7008,0.7041,0.6975,0.6951,-0.471,0.471,0.813,YES,IS,1.36
2019-07-05,2019-06-25,AUD,SHORT,0.904,0.6975,0.7074,0.6951,0.6806,-1.419,0.344,2.423,YES,IS,0.839
2019-07-12,2019-07-02,AUD,SHORT,0.981,0.7074,0.6951,0.6808,0.6776,1.739,3.76,4.213,YES,IS,2.107
2019-07-19,2019-07-09,AUD,SHORT,0.923,0.6951,0.6808,0.6806,0.6763,2.057,2.086,2.705,YES,IS,-0.813
2019-07-26,2019-07-16,AUD,SHORT,0.981,0.6808,0.6806,0.6776,0.6731,0.029,0.47,1.131,YES,IS,-3.309
2019-08-02,2019-07-23,AUD,SHORT,1.0,0.6806,0.6776,0.6763,0.6819,0.441,0.632,-0.191,NO,IS,-2.423
2019-08-09,2019-07-30,AUD,SHORT,0.962,0.6776,0.6763,0.6731,0.6867,0.192,0.664,-1.343,NO,IS,-4.213
2019-08-16,2019-08-06,AUD,SHORT,0.923,0.6763,0.6731,0.6819,0.6805,0.473,-0.828,-0.621,NO,IS,-2.705
2019-09-13,2019-09-03,AUD,SHORT,0.904,0.6805,0.6758,0.6746,0.6831,0.691,0.867,-0.382,NO,IS,0.621
2019-09-20,2019-09-10,AUD,SHORT,0.923,0.6758,0.6746,0.6763,0.6827,0.178,-0.074,-1.021,NO,IS,0.401
2019-09-27,2019-09-17,AUD,SHORT,0.885,0.6746,0.6763,0.6831,0.6891,-0.252,-1.26,-2.149,NO,IS,-1.071
2019-10-04,2019-09-24,AUD,SHORT,0.865,0.6763,0.6831,0.6827,0.6902,-1.005,-0.946,-2.055,NO,IS,-1.514
2019-10-25,2019-10-15,AUD,SHORT,0.923,0.6891,0.6902,0.6785,0.6781,-0.16,1.538,1.596,YES,IS,2.149
2019-11-01,2019-10-22,AUD,SHORT,0.962,0.6902,0.6785,0.6788,0.6833,1.695,1.652,1.0,YES,IS,2.055
2019-11-08,2019-10-29,AUD,SHORT,1.0,0.6785,0.6788,0.6781,0.69,-0.044,0.059,-1.695,NO,IS,-0.673
2019-11-15,2019-11-05,AUD,SHORT,0.942,0.6788,0.6781,0.6833,0.6891,0.103,-0.663,-1.517,NO,IS,-0.571
2019-11-22,2019-11-12,AUD,SHORT,1.0,0.6781,0.6833,0.69,0.6948,-0.767,-1.755,-2.463,NO,IS,-1.596
2019-11-29,2019-11-19,AUD,SHORT,0.962,0.6833,0.69,0.6891,0.6983,-0.981,-0.849,-2.195,NO,IS,-1.0
2019-12-06,2019-11-26,AUD,SHORT,0.981,0.69,0.6891,0.6948,0.6851,0.13,-0.696,0.71,YES,IS,1.695
2019-12-13,2019-12-03,AUD,SHORT,1.0,0.6891,0.6948,0.6983,0.6899,-0.827,-1.335,-0.116,NO,IS,1.517
2019-12-20,2019-12-10,AUD,SHORT,1.0,0.6948,0.6983,0.6851,0.6844,-0.504,1.396,1.497,YES,IS,2.463
2019-12-27,2019-12-17,AUD,SHORT,0.962,0.6983,0.6851,0.6899,0.671,1.89,1.203,3.909,YES,IS,2.195
2020-01-03,2019-12-24,AUD,SHORT,0.942,0.6851,0.6899,0.6844,0.6731,-0.701,0.102,1.752,YES,IS,-0.71
2020-01-10,2019-12-31,AUD,SHORT,1.0,0.6899,0.6844,0.671,0.6724,0.797,2.74,2.537,YES,IS,0.116
2020-01-17,2020-01-07,AUD,SHORT,1.0,0.6844,0.671,0.6731,0.6617,1.958,1.651,3.317,YES,IS,-1.497
2020-01-24,2020-01-14,AUD,SHORT,0.981,0.671,0.6731,0.6724,0.6586,-0.313,-0.209,1.848,YES,IS,-3.909
2020-01-31,2020-01-21,AUD,SHORT,0.942,0.6731,0.6724,0.6617,0.6594,0.104,1.694,2.035,YES,IS,-1.752
2020-04-24,2020-04-14,AUD,LONG,0.077,0.6523,0.6487,0.6433,0.6659,-0.552,-1.38,2.085,YES,IS,7.872
2020-05-01,2020-04-21,AUD,LONG,0.058,0.6487,0.6433,0.6565,0.694,-0.832,1.202,6.983,YES,IS,2.838
2020-05-15,2020-05-05,AUD,LONG,0.096,0.6565,0.6659,0.694,0.6847,1.432,5.712,4.296,YES,IS,2.787
2020-05-22,2020-05-12,AUD,LONG,0.115,0.6659,0.694,0.6848,0.6873,4.22,2.838,3.214,YES,IS,2.085
2020-06-05,2020-05-26,AUD,LONG,0.135,0.6848,0.6847,0.6873,0.6966,-0.015,0.365,1.723,YES,IS,6.451
2020-06-26,2020-06-16,AUD,SHORT,0.923,0.6919,0.6966,0.6969,0.7179,-0.679,-0.723,-3.758,NO,IS,-0.303
2020-07-03,2020-06-23,AUD,SHORT,0.904,0.6966,0.6969,0.7109,0.7235,-0.043,-2.053,-3.862,NO,IS,1.723
2020-07-17,2020-07-07,AUD,SHORT,0.962,0.7109,0.7179,0.7235,0.7194,-0.985,-1.772,-1.196,NO,IS,3.434
2020-07-24,2020-07-14,AUD,SHORT,0.904,0.7179,0.7235,0.7143,0.726,-0.78,0.501,-1.128,NO,IS,3.758
2020-07-31,2020-07-21,AUD,SHORT,0.923,0.7235,0.7143,0.7194,0.7275,1.272,0.567,-0.553,NO,IS,3.862
2020-08-07,2020-07-28,AUD,SHORT,0.962,0.7143,0.7194,0.726,0.7267,-0.714,-1.638,-1.736,NO,IS,2.497
2020-08-14,2020-08-04,AUD,SHORT,0.981,0.7194,0.726,0.7275,0.7305,-0.917,-1.126,-1.543,NO,IS,1.196
2020-08-21,2020-08-11,AUD,SHORT,0.962,0.726,0.7275,0.7267,0.7051,-0.207,-0.096,2.879,YES,IS,1.128
2020-08-28,2020-08-18,AUD,SHORT,0.981,0.7275,0.7267,0.7305,0.7193,0.11,-0.412,1.127,YES,IS,0.553
2020-09-04,2020-08-25,AUD,SHORT,0.962,0.7267,0.7305,0.7051,0.7164,-0.523,2.972,1.417,YES,IS,1.736
2020-09-11,2020-09-01,AUD,SHORT,0.981,0.7305,0.7051,0.7193,0.7091,3.477,1.533,2.929,YES,IS,1.543
2020-09-18,2020-09-08,AUD,SHORT,0.981,0.7051,0.7193,0.7164,0.7115,-2.014,-1.603,-0.908,NO,IS,-2.879
2020-09-25,2020-09-15,AUD,SHORT,0.904,0.7193,0.7164,0.7091,0.7026,0.403,1.418,2.322,YES,IS,-1.127
2020-10-23,2020-10-13,AUD,SHORT,0.885,0.7026,0.7286,0.7237,0.7367,-3.701,-3.003,-4.853,NO,IS,-2.322
2020-10-30,2020-10-20,AUD,SHORT,0.904,0.7286,0.7237,0.7292,0.74475,0.673,-0.082,-2.217,NO,IS,1.703
2020-11-27,2020-11-17,AUD,SHORT,0.942,0.74475,0.7527,0.7625,0.76965,-1.067,-2.383,-3.343,NO,IS,2.217
2020-12-11,2020-12-01,AUD,SHORT,1.0,0.7625,0.76055,0.76965,0.7785,0.256,-0.938,-2.098,NO,IS,4.567
2020-12-18,2020-12-08,AUD,SHORT,1.0,0.76055,0.76965,0.7759,0.77605,-1.196,-2.018,-2.038,NO,IS,3.237
2020-12-25,2020-12-15,AUD,SHORT,1.0,0.76965,0.7759,0.7785,0.7696,-0.812,-1.15,0.006,YES,IS,3.343
2020-12-31,2020-12-21,AUD,SHORT,0.942,0.7759,0.7785,0.77605,0.76025,-0.335,-0.019,2.017,YES,IS,3.082
2021-01-08,2020-12-29,AUD,SHORT,1.0,0.7785,0.77605,0.7696,0.7749,0.315,1.143,0.462,YES,IS,2.098
2021-01-15,2021-01-05,AUD,SHORT,0.962,0.77605,0.7696,0.76025,0.77685,0.831,2.036,-0.103,NO,IS,2.038
2021-01-22,2021-01-12,AUD,SHORT,0.885,0.7696,0.76025,0.7749,0.79035,1.215,-0.689,-2.696,NO,IS,-0.006
2021-01-29,2021-01-19,AUD,SHORT,0.942,0.76025,0.7749,0.77685,0.77285,-1.927,-2.183,-1.657,NO,IS,-2.017
2021-02-05,2021-01-26,AUD,SHORT,0.904,0.7749,0.77685,0.79035,0.77875,-0.252,-1.994,-0.497,NO,IS,-0.462
2021-02-12,2021-02-02,AUD,SHORT,0.942,0.77685,0.79035,0.77285,0.77625,-1.738,0.515,0.077,YES,IS,0.103
2021-02-19,2021-02-09,AUD,SHORT,0.865,0.79035,0.77285,0.77875,0.75835,2.214,1.468,4.049,YES,IS,2.696
2021-02-26,2021-02-16,AUD,SHORT,0.885,0.77285,0.77875,0.77625,0.76165,-0.763,-0.44,1.449,YES,IS,1.657
2021-03-05,2021-02-23,AUD,SHORT,1.0,0.77875,0.77625,0.75835,0.7651,0.321,2.62,1.753,YES,IS,0.497
2021-05-21,2021-05-11,AUD,SHORT,0.942,0.77445,0.7651,0.7755,0.75835,1.207,-0.136,2.079,YES,IS,-0.399
2021-07-02,2021-06-22,AUD,LONG,0.038,0.7425,0.74175,0.7389,0.74045,-0.101,-0.485,-0.276,NO,IS,-4.255
2021-07-09,2021-06-29,AUD,LONG,0.077,0.74175,0.7389,0.7402,0.73325,-0.384,-0.209,-1.146,NO,IS,-1.794
2021-07-16,2021-07-06,AUD,LONG,0.038,0.7389,0.7402,0.74045,0.71505,0.176,0.21,-3.228,NO,IS,-2.565
2021-07-23,2021-07-13,AUD,LONG,0.019,0.7402,0.74045,0.73325,0.7238,0.034,-0.939,-2.216,NO,IS,-0.791
2021-07-30,2021-07-20,AUD,LONG,0.019,0.74045,0.73325,0.71505,0.7404,-0.972,-3.43,-0.007,NO,IS,-0.276
2021-08-06,2021-07-27,AUD,LONG,0.019,0.73325,0.71505,0.7238,0.73715,-2.482,-1.289,0.532,YES,IS,-1.146
2021-08-13,2021-08-03,AUD,LONG,0.038,0.71505,0.7238,0.7404,0.7296,1.224,3.545,2.035,YES,IS,-3.228
2021-08-20,2021-08-10,AUD,LONG,0.019,0.7238,0.7404,0.73715,0.73095,2.293,1.844,0.988,YES,IS,-2.216
2021-08-27,2021-08-17,AUD,LONG,0.019,0.7404,0.73715,0.7296,0.72325,-0.439,-1.459,-2.316,NO,IS,-0.007
2021-09-03,2021-08-24,AUD,LONG,0.019,0.73715,0.7296,0.73095,0.731,-1.024,-0.841,-0.834,NO,IS,0.532
2021-09-10,2021-08-31,AUD,LONG,0.019,0.7296,0.73095,0.72325,0.74175,0.185,-0.87,1.665,YES,IS,2.035
2021-09-17,2021-09-07,AUD,LONG,0.096,0.73095,0.72325,0.731,0.74655,-1.053,0.007,2.134,YES,IS,0.988
2021-09-24,2021-09-14,AUD,LONG,0.115,0.72325,0.731,0.74175,0.75395,1.072,2.558,4.245,YES,IS,-2.316
2021-10-01,2021-09-21,AUD,LONG,0.077,0.731,0.74175,0.74655,0.74,1.471,2.127,1.231,YES,IS,-0.834
2021-10-08,2021-09-28,AUD,LONG,0.077,0.74175,0.74655,0.75395,0.7292,0.647,1.645,-1.692,NO,IS,1.665
2021-10-15,2021-10-05,AUD,LONG,0.077,0.74655,0.75395,0.74,0.7276,0.991,-0.877,-2.538,NO,IS,2.134
2021-12-17,2021-12-07,AUD,LONG,0.115,0.725,0.72565,0.71655,0.72435,0.09,-1.166,-0.09,NO,IS,0.87
2021-12-24,2021-12-14,AUD,LONG,0.058,0.72565,0.71655,0.72905,0.70265,-1.254,0.469,-3.17,NO,IS,2.363
2021-12-31,2021-12-21,AUD,LONG,0.135,0.71655,0.72905,0.72435,0.7133,1.744,1.089,-0.454,NO,IS,0.294
2022-01-07,2021-12-28,AUD,LONG,0.135,0.72905,0.72435,0.70265,0.717,-0.645,-3.621,-1.653,NO,IS,1.631
2022-04-15,2022-04-05,AUD,SHORT,0.942,0.73725,0.7097,0.7093,0.7065,3.737,3.791,4.171,YES,IS,-1.896
2022-11-04,2022-10-25,AUD,LONG,0.115,0.65925,0.6691,0.67385,0.6773,1.494,2.215,2.738,YES,OOS,4.543
2023-01-20,2023-01-10,AUD,SHORT,0.904,0.71175,0.7075,0.69405,0.6809,0.597,2.487,4.334,YES,OOS,4.816
2023-01-27,2023-01-17,AUD,SHORT,0.923,0.7075,0.69405,0.69025,0.67305,1.901,2.438,4.869,YES,OOS,4.652
2023-02-03,2023-01-24,AUD,SHORT,0.904,0.69405,0.69025,0.6809,0.65875,0.548,1.895,5.086,YES,OOS,-0.466
2023-02-10,2023-01-31,AUD,SHORT,0.904,0.69025,0.6809,0.67305,0.6656,1.355,2.492,3.571,YES,OOS,-0.318
2023-02-17,2023-02-07,AUD,SHORT,0.885,0.6809,0.67305,0.65875,0.66835,1.153,3.253,1.843,YES,OOS,-4.334
2023-02-24,2023-02-14,AUD,SHORT,0.865,0.67305,0.65875,0.6656,0.6713,2.125,1.107,0.26,YES,OOS,-4.869
2023-03-17,2023-03-07,AUD,LONG,0.135,0.66835,0.6713,0.66815,0.67485,0.441,-0.03,0.973,YES,OOS,-1.843
2023-03-24,2023-03-14,AUD,LONG,0.077,0.6713,0.66815,0.6789,0.66345,-0.469,1.132,-1.169,NO,OOS,-0.26
2023-03-31,2023-03-21,AUD,LONG,0.115,0.66815,0.6789,0.67485,0.66975,1.609,1.003,0.239,YES,OOS,1.427
2023-05-05,2023-04-25,AUD,LONG,0.038,0.66995,0.6621,0.6509,0.67165,-1.172,-2.843,0.254,YES,OOS,-1.318
2023-06-09,2023-05-30,AUD,LONG,0.019,0.6892,0.6763,0.66225,0.6892,-1.872,-3.91,0.0,NO,OOS,4.093
2023-06-30,2023-06-20,AUD,SHORT,0.865,0.66275,0.6892,0.6786,0.6549,-3.991,-2.392,1.184,YES,OOS,-1.325
2023-07-07,2023-06-27,AUD,SHORT,0.885,0.6892,0.6786,0.6707,0.65375,1.538,2.684,5.144,YES,OOS,0.0
2023-08-04,2023-07-25,AUD,SHORT,0.904,0.65375,0.6402,0.6427,0.63805,2.073,1.69,2.402,YES,OOS,-5.144
2023-08-18,2023-08-08,AUD,LONG,0.135,0.6427,0.6478,0.63805,0.6424,0.794,-0.724,-0.047,NO,OOS,-4.175
2023-09-01,2023-08-22,AUD,LONG,0.115,0.63805,0.64375,0.6424,0.63735,0.893,0.682,-0.11,NO,OOS,-2.402
2023-09-22,2023-09-12,AUD,LONG,0.019,0.6426,0.63735,0.6312,0.6332,-0.817,-1.774,-1.463,NO,OOS,-0.803
2023-10-06,2023-09-26,AUD,LONG,0.038,0.6312,0.6333,0.6332,0.6369,0.333,0.317,0.903,YES,OOS,-1.95
2023-10-13,2023-10-03,AUD,LONG,0.058,0.6333,0.6332,0.64325,0.6477,-0.016,1.571,2.274,YES,OOS,-1.417
2023-10-20,2023-10-10,AUD,LONG,0.115,0.6332,0.64325,0.6369,0.65625,1.587,0.584,3.64,YES,OOS,-1.463
2023-10-27,2023-10-17,AUD,LONG,0.019,0.64325,0.6369,0.6477,0.6612,-0.987,0.692,2.791,YES,OOS,0.926
2023-11-03,2023-10-24,AUD,LONG,0.038,0.6369,0.6477,0.65625,0.66055,1.696,3.038,3.713,YES,OOS,0.903
2023-12-15,2023-12-05,AUD,SHORT,0.904,0.6804,0.6838,0.67055,0.6566,-0.5,1.448,3.498,YES,OOS,3.68
2023-12-29,2023-12-19,AUD,SHORT,0.923,0.67055,0.66875,0.6566,0.65755,0.268,2.08,1.939,YES,OOS,1.514
2024-01-05,2023-12-26,AUD,SHORT,1.0,0.66875,0.6566,0.6586,0.649,1.817,1.518,2.953,YES,OOS,-0.149
2024-01-12,2024-01-02,AUD,SHORT,1.0,0.6566,0.6586,0.65755,0.65225,-0.305,-0.145,0.663,YES,OOS,-3.498
2024-01-19,2024-01-09,AUD,SHORT,0.981,0.6586,0.65755,0.649,0.65595,0.159,1.458,0.402,YES,OOS,-3.685
2024-01-26,2024-01-16,AUD,SHORT,0.962,0.65755,0.649,0.65225,0.6497,1.3,0.806,1.194,YES,OOS,-1.939
2024-04-26,2024-04-16,AUD,LONG,0.115,0.6575,0.6619,0.6686,0.6642,0.669,1.688,1.019,YES,OOS,-0.401
2024-05-03,2024-04-23,AUD,LONG,0.019,0.6619,0.6686,0.6605,0.6674,1.012,-0.212,0.831,YES,OOS,1.208
2024-05-31,2024-05-21,AUD,SHORT,0.923,0.6674,0.66385,0.66655,0.6705,0.532,0.127,-0.464,NO,OOS,0.831
2024-06-14,2024-06-04,AUD,SHORT,0.904,0.66655,0.6651,0.6705,0.671,0.218,-0.593,-0.668,NO,OOS,0.916
2024-06-28,2024-06-18,AUD,SHORT,0.923,0.6705,0.67625,0.671,0.6494,-0.858,-0.075,3.147,YES,OOS,0.464
2024-07-12,2024-07-02,AUD,SHORT,0.885,0.671,0.6547,0.6494,0.66155,2.429,3.219,1.408,YES,OOS,0.668
2024-07-19,2024-07-09,AUD,SHORT,0.962,0.6547,0.6494,0.6594,0.671,0.81,-0.718,-2.49,NO,OOS,-1.564
2024-07-26,2024-07-16,AUD,SHORT,1.0,0.6494,0.6594,0.66155,0.68015,-1.54,-1.871,-4.735,NO,OOS,-3.147
2024-08-02,2024-07-23,AUD,SHORT,0.981,0.6594,0.66155,0.671,0.6737,-0.326,-1.759,-2.169,NO,OOS,-2.492
2024-09-06,2024-08-27,AUD,SHORT,0.942,0.6718,0.6823,0.6901,0.6729,-1.563,-2.724,-0.164,NO,OOS,1.549
2024-09-13,2024-09-03,AUD,SHORT,0.981,0.6823,0.6901,0.68415,0.66975,-1.143,-0.271,1.839,YES,OOS,1.684
2024-09-20,2024-09-10,AUD,SHORT,0.904,0.6901,0.68415,0.6729,0.664,0.862,2.492,3.782,YES,OOS,1.463
2024-10-04,2024-09-24,AUD,SHORT,0.981,0.6729,0.66975,0.664,0.66685,0.468,1.323,0.899,YES,OOS,0.164
2024-10-11,2024-10-01,AUD,SHORT,1.0,0.66975,0.664,0.65755,0.647,0.859,1.822,3.397,YES,OOS,-1.839
2024-10-18,2024-10-08,AUD,SHORT,0.981,0.664,0.65755,0.66685,0.6517,0.971,-0.429,1.852,YES,OOS,-3.782
2024-10-25,2024-10-15,AUD,SHORT,0.981,0.65755,0.66685,0.647,0.64995,-1.414,1.604,1.156,YES,OOS,-3.888
2024-11-01,2024-10-22,AUD,SHORT,0.885,0.66685,0.647,0.6517,0.6454,2.977,2.272,3.217,YES,OOS,-0.899
2025-09-26,2025-09-16,AUD,SHORT,0.904,0.6599,0.65435,0.64865,0.65545,0.841,1.705,0.674,YES,HOLDOUT,1.289
2025-10-03,2025-09-23,AUD,SHORT,0.923,0.65435,0.64865,0.65185,0.64845,0.871,0.382,0.902,YES,HOLDOUT,-1.786
2025-10-10,2025-09-30,AUD,SHORT,0.942,0.64865,0.65185,0.65545,0.65285,-0.493,-1.048,-0.647,NO,HOLDOUT,-1.994
2025-10-17,2025-10-07,AUD,SHORT,0.981,0.65185,0.65545,0.64845,0.64575,-0.552,0.522,0.936,YES,HOLDOUT,-0.252
2025-10-24,2025-10-14,AUD,SHORT,0.885,0.65545,0.64845,0.65285,0.65345,1.068,0.397,0.305,YES,HOLDOUT,-0.674
2025-10-31,2025-10-21,AUD,SHORT,0.885,0.64845,0.65285,0.64575,0.6614,-0.679,0.416,-1.997,NO,HOLDOUT,-0.902
2025-11-07,2025-10-28,AUD,SHORT,0.885,0.65285,0.64575,0.65345,0.6666,1.088,-0.092,-2.106,NO,HOLDOUT,0.647
2025-11-14,2025-11-04,AUD,SHORT,0.865,0.64575,0.65345,0.6614,0.6615,-1.192,-2.424,-2.439,NO,HOLDOUT,-0.936
2025-11-20,2025-11-10,AUD,SHORT,0.904,0.65345,0.6614,0.6666,0.67085,-1.217,-2.012,-2.663,NO,HOLDOUT,-0.305
2025-11-28,2025-11-18,AUD,SHORT,0.904,0.6614,0.6666,0.6615,0.6673,-0.786,-0.015,-0.892,NO,HOLDOUT,1.997
2025-12-05,2025-11-25,AUD,SHORT,0.885,0.6666,0.6615,0.67085,0.6694,0.765,-0.638,-0.42,NO,HOLDOUT,2.106
2025-12-12,2025-12-02,AUD,SHORT,0.981,0.6615,0.67085,0.6673,0.67025,-1.413,-0.877,-1.323,NO,HOLDOUT,2.439
2025-12-19,2025-12-09,AUD,SHORT,1.0,0.67085,0.6673,0.6694,0.684,0.529,0.216,-1.96,NO,HOLDOUT,2.663
2025-12-26,2025-12-16,AUD,SHORT,1.0,0.6673,0.6694,0.67025,0.70275,-0.315,-0.442,-5.312,NO,HOLDOUT,0.892
2026-01-02,2025-12-23,AUD,SHORT,0.962,0.6694,0.67025,0.684,0.69595,-0.127,-2.181,-3.966,NO,HOLDOUT,0.42
2026-01-09,2025-12-30,AUD,SHORT,1.0,0.67025,0.684,0.70275,0.70965,-2.051,-4.849,-5.878,NO,HOLDOUT,1.323
2026-01-16,2026-01-06,AUD,SHORT,1.0,0.684,0.70275,0.69595,0.7047,-2.741,-1.747,-3.026,NO,HOLDOUT,1.96
2026-01-23,2026-01-13,AUD,SHORT,1.0,0.70275,0.69595,0.70965,0.71085,0.968,-0.982,-1.153,NO,HOLDOUT,5.312
2026-01-30,2026-01-20,AUD,SHORT,1.0,0.69595,0.70965,0.7047,0.6981,-1.969,-1.257,-0.309,NO,HOLDOUT,3.966
2026-02-06,2026-01-27,AUD,SHORT,0.923,0.70965,0.7047,0.71085,0.70795,0.698,-0.169,0.24,YES,HOLDOUT,5.878
2026-02-13,2026-02-03,AUD,SHORT,0.923,0.7047,0.71085,0.6981,0.7072,-0.873,0.937,-0.355,NO,HOLDOUT,3.026
2026-02-20,2026-02-10,AUD,SHORT,1.0,0.71085,0.6981,0.70795,0.68925,1.794,0.408,3.039,YES,HOLDOUT,1.153
2026-02-27,2026-02-17,AUD,SHORT,1.0,0.6981,0.70795,0.7072,0.69185,-1.411,-1.304,0.895,YES,HOLDOUT,0.309
2026-03-06,2026-02-24,AUD,SHORT,0.942,0.70795,0.7072,0.68925,,0.106,2.641,,,HOLDOUT,-0.24
2026-03-20,2026-03-10,AUD,SHORT,0.981,0.68925,0.69185,,,-0.377,,,,HOLDOUT,-3.039
2026-03-27,2026-03-17,AUD,SHORT,0.923,0.69185,,,,,,,,HOLDOUT,-0.895
2014-07-11,2014-07-01,CAD,SHORT,0.962,0.71,0.71,0.71,0.71,-0.0,-0.0,-0.0,NO,IS,0.0
2014-07-18,2014-07-08,CAD,SHORT,0.963,0.71,0.71,0.71,0.71,-0.0,-0.0,-0.0,NO,IS,0.0
2014-07-25,2014-07-15,CAD,SHORT,0.929,0.71,0.71,0.71,0.71,-0.0,-0.0,-0.0,NO,IS,0.0
2014-08-01,2014-07-22,CAD,SHORT,0.862,0.71,0.71,0.71,0.71,-0.0,-0.0,-0.0,NO,IS,0.0
2014-10-31,2014-10-21,CAD,LONG,0.143,0.71,0.71,0.71,0.71,0.0,0.0,0.0,NO,IS,0.0
2014-11-14,2014-11-04,CAD,LONG,0.136,0.71,0.71,0.71,0.71,0.0,0.0,0.0,NO,IS,0.0
2014-12-19,2014-12-09,CAD,LONG,0.143,0.71,0.71,0.71,0.71,0.0,0.0,0.0,NO,IS,0.0
2014-12-26,2014-12-16,CAD,LONG,0.06,0.71,0.71,0.71,0.71,0.0,0.0,0.0,NO,IS,0.0
2015-01-02,2014-12-23,CAD,LONG,0.098,0.71,0.71,0.71,0.71,0.0,0.0,0.0,NO,IS,0.0
2015-01-16,2015-01-06,CAD,LONG,0.096,0.71,0.71,0.71,0.71,0.0,0.0,0.0,NO,IS,0.0
2015-01-23,2015-01-13,CAD,LONG,0.135,0.71,0.71,0.71,0.71,0.0,0.0,0.0,NO,IS,0.0
2015-01-30,2015-01-20,CAD,LONG,0.115,0.71,0.71,0.71,0.71,0.0,0.0,0.0,NO,IS,0.0
2015-02-06,2015-01-27,CAD,LONG,0.058,0.71,0.71,0.71,0.71,0.0,0.0,0.0,NO,IS,0.0
2015-02-13,2015-02-03,CAD,LONG,0.038,0.71,0.71,0.71,0.71,0.0,0.0,0.0,NO,IS,0.0
2015-02-20,2015-02-10,CAD,LONG,0.077,0.71,0.71,0.71,0.71,0.0,0.0,0.0,NO,IS,0.0
2015-03-20,2015-03-10,CAD,LONG,0.019,0.71,0.71,0.71,0.71,0.0,0.0,0.0,NO,IS,0.0
2015-03-27,2015-03-17,CAD,LONG,0.019,0.71,0.71,0.71,0.71,0.0,0.0,0.0,NO,IS,0.0
2015-05-22,2015-05-12,CAD,SHORT,0.885,0.71,0.71,0.71,0.71,-0.0,-0.0,-0.0,NO,IS,0.0
2015-07-24,2015-07-14,CAD,LONG,0.058,0.71,0.71,0.71,0.71,0.0,0.0,0.0,NO,IS,0.0
2015-07-31,2015-07-21,CAD,LONG,0.019,0.71,0.71,0.71,0.71,0.0,0.0,0.0,NO,IS,0.0
2015-08-07,2015-07-28,CAD,LONG,0.019,0.71,0.71,0.71,0.71,0.0,0.0,0.0,NO,IS,0.0
2015-08-14,2015-08-04,CAD,LONG,0.058,0.71,0.71,0.71,0.71,0.0,0.0,0.0,NO,IS,0.0
2015-08-21,2015-08-11,CAD,LONG,0.077,0.71,0.71,0.71,0.71,0.0,0.0,0.0,NO,IS,0.0
2015-09-04,2015-08-25,CAD,LONG,0.135,0.71,0.71,0.71,0.71,0.0,0.0,0.0,NO,IS,0.0
2015-09-11,2015-09-01,CAD,LONG,0.135,0.71,0.71,0.71,0.71,0.0,0.0,0.0,NO,IS,0.0
2015-09-25,2015-09-15,CAD,LONG,0.096,0.71,0.71,0.71,0.71,0.0,0.0,0.0,NO,IS,0.0
2015-12-18,2015-12-08,CAD,LONG,0.135,0.71,0.71,0.71,0.7003,0.0,0.0,-1.366,NO,IS,0.0
2016-02-26,2016-02-16,CAD,SHORT,0.865,0.746,0.7494,0.7697,0.7707,-0.456,-3.177,-3.311,NO,IS,2.402
2016-03-04,2016-02-23,CAD,SHORT,0.904,0.7494,0.7697,0.7545,0.7603,-2.709,-0.681,-1.454,NO,IS,4.402
2016-03-18,2016-03-08,CAD,SHORT,0.981,0.7545,0.7707,0.7603,0.7858,-2.147,-0.769,-4.148,NO,IS,2.097
2016-03-25,2016-03-15,CAD,SHORT,0.981,0.7707,0.7603,0.7781,0.7985,1.349,-0.96,-3.607,NO,IS,3.311
2016-04-01,2016-03-22,CAD,SHORT,1.0,0.7603,0.7781,0.7858,0.7775,-2.341,-3.354,-2.262,NO,IS,1.454
2016-04-08,2016-03-29,CAD,SHORT,0.962,0.7781,0.7858,0.7985,0.7799,-0.99,-2.622,-0.231,NO,IS,1.091
2016-04-15,2016-04-05,CAD,SHORT,1.0,0.7858,0.7985,0.7775,0.7636,-1.616,1.056,2.825,YES,IS,4.148
2016-04-22,2016-04-12,CAD,SHORT,1.0,0.7985,0.7775,0.7799,0.7699,2.63,2.329,3.582,YES,IS,3.607
2016-04-29,2016-04-19,CAD,SHORT,1.0,0.7775,0.7799,0.7636,0.7626,-0.309,1.788,1.916,YES,IS,2.262
2016-05-06,2016-04-26,CAD,SHORT,1.0,0.7799,0.7636,0.7699,0.7868,2.09,1.282,-0.885,NO,IS,0.231
2016-05-13,2016-05-03,CAD,SHORT,0.981,0.7636,0.7699,0.7626,0.772,-0.825,0.131,-1.1,NO,IS,-2.825
2016-05-20,2016-05-10,CAD,SHORT,0.942,0.7699,0.7626,0.7868,0.7814,0.948,-2.195,-1.494,NO,IS,-3.582
2016-05-27,2016-05-17,CAD,SHORT,0.962,0.7626,0.7868,0.772,0.7712,-3.173,-1.233,-1.128,NO,IS,-1.916
2016-06-03,2016-05-24,CAD,SHORT,0.865,0.7868,0.772,0.7814,0.768,1.881,0.686,2.389,YES,IS,0.885
2016-06-17,2016-06-07,CAD,SHORT,0.904,0.7814,0.7712,0.768,0.76395,1.305,1.715,2.233,YES,IS,1.494
2016-06-24,2016-06-14,CAD,SHORT,1.0,0.7712,0.768,0.77605,0.7599,0.415,-0.629,1.465,YES,IS,1.128
2016-07-01,2016-06-21,CAD,SHORT,0.942,0.768,0.77605,0.76395,0.7687,-1.048,0.527,-0.091,NO,IS,-2.389
2016-08-26,2016-08-16,CAD,SHORT,0.885,0.7635,0.7741,0.7601,0.7611,-1.388,0.445,0.314,YES,IS,-0.676
2016-09-02,2016-08-23,CAD,SHORT,0.981,0.7741,0.7601,0.76585,0.75615,1.809,1.066,2.319,YES,IS,0.376
2016-09-09,2016-08-30,CAD,SHORT,0.923,0.7601,0.76585,0.7611,0.75845,-0.756,-0.132,0.217,YES,IS,-2.949
2017-01-13,2017-01-03,CAD,LONG,0.135,0.7512,0.76425,0.76775,0.7653,1.737,2.203,1.877,YES,IS,1.24
2017-03-24,2017-03-14,CAD,LONG,0.115,0.75125,0.7458,0.7526,0.73445,-0.725,0.18,-2.236,NO,IS,0.596
2017-04-28,2017-04-18,CAD,LONG,0.077,0.72665,0.73025,0.73455,0.74015,0.495,1.087,1.858,YES,IS,-2.568
2017-05-05,2017-04-25,CAD,LONG,0.077,0.73025,0.73455,0.7416,0.74075,0.589,1.554,1.438,YES,IS,-2.97
2017-05-12,2017-05-02,CAD,LONG,0.038,0.73455,0.7416,0.74015,0.7534,0.96,0.762,2.566,YES,IS,-1.071
2017-05-19,2017-05-09,CAD,LONG,0.058,0.7416,0.74015,0.74075,0.7555,-0.196,-0.115,1.874,YES,IS,0.974
2017-05-26,2017-05-16,CAD,LONG,0.096,0.74015,0.74075,0.7534,0.7691,0.081,1.79,3.911,YES,IS,1.858
2017-06-02,2017-05-23,CAD,LONG,0.077,0.74075,0.7534,0.7555,0.77175,1.708,1.991,4.185,YES,IS,1.438
2017-06-09,2017-05-30,CAD,LONG,0.115,0.7534,0.7555,0.7691,0.7859,0.279,2.084,4.314,YES,IS,2.566
2017-06-16,2017-06-06,CAD,LONG,0.115,0.7555,0.7691,0.77175,0.7949,1.8,2.151,5.215,YES,IS,1.874
2017-07-21,2017-07-11,CAD,SHORT,1.0,0.7966,0.7947,0.7864,0.7986,0.239,1.28,-0.251,NO,IS,3.576
2017-07-28,2017-07-18,CAD,SHORT,0.962,0.7947,0.7864,0.7906,0.80035,1.044,0.516,-0.711,NO,IS,2.974
2017-08-04,2017-07-25,CAD,SHORT,0.981,0.7864,0.7906,0.7986,0.8233,-0.534,-1.551,-4.692,NO,IS,0.064
2017-08-11,2017-08-01,CAD,SHORT,1.0,0.7906,0.7986,0.80035,0.8204,-1.012,-1.233,-3.769,NO,IS,-0.541
2017-08-18,2017-08-08,CAD,SHORT,1.0,0.7986,0.80035,0.8233,0.81025,-0.219,-3.093,-1.459,NO,IS,0.251
2017-08-25,2017-08-15,CAD,SHORT,0.962,0.80035,0.8233,0.8204,0.805,-2.867,-2.505,-0.581,NO,IS,0.711
2017-09-01,2017-08-22,CAD,SHORT,0.923,0.8233,0.8204,0.81025,0.79545,0.352,1.585,3.383,YES,IS,4.692
2017-09-08,2017-08-29,CAD,SHORT,0.942,0.8204,0.81025,0.805,0.8026,1.237,1.877,2.17,YES,IS,3.769
2017-09-15,2017-09-05,CAD,SHORT,0.942,0.81025,0.805,0.79545,0.8009,0.648,1.827,1.154,YES,IS,1.459
2017-09-22,2017-09-12,CAD,SHORT,1.0,0.805,0.79545,0.8026,0.77825,1.186,0.298,3.323,YES,IS,0.581
2017-09-29,2017-09-19,CAD,SHORT,0.962,0.79545,0.8026,0.8009,0.7807,-0.899,-0.685,1.854,YES,IS,-3.383
2017-10-06,2017-09-26,CAD,SHORT,0.981,0.8026,0.8009,0.77825,0.7891,0.212,3.034,1.682,YES,IS,-2.17
2017-10-13,2017-10-03,CAD,SHORT,0.942,0.8009,0.77825,0.7807,0.78445,2.828,2.522,2.054,YES,IS,-1.154
2017-10-20,2017-10-10,CAD,SHORT,0.923,0.77825,0.7807,0.7891,0.78735,-0.315,-1.394,-1.169,NO,IS,-3.323
2017-10-27,2017-10-17,CAD,SHORT,0.865,0.7807,0.7891,0.78445,0.7752,-1.076,-0.48,0.704,YES,IS,-1.854
2018-01-19,2018-01-09,CAD,SHORT,1.0,0.809,0.81505,0.79445,0.78665,-0.748,1.799,2.763,YES,IS,1.614
2018-01-26,2018-01-16,CAD,SHORT,0.962,0.81505,0.79445,0.8006,0.7797,2.527,1.773,4.337,YES,IS,1.83
2018-02-02,2018-01-23,CAD,SHORT,0.981,0.79445,0.8006,0.78665,0.77455,-0.774,0.982,2.505,YES,IS,-0.513
2018-02-09,2018-01-30,CAD,SHORT,0.962,0.8006,0.78665,0.7797,0.76585,1.742,2.611,4.34,YES,IS,-0.522
2018-05-18,2018-05-08,CAD,LONG,0.135,0.77635,0.77215,0.77065,0.7521,-0.541,-0.734,-3.124,NO,IS,-0.103
2018-05-25,2018-05-15,CAD,LONG,0.115,0.77215,0.77065,0.76335,0.75375,-0.194,-1.14,-2.383,NO,IS,-0.803
2018-06-08,2018-05-29,CAD,LONG,0.115,0.76335,0.7521,0.75375,0.75925,-1.474,-1.258,-0.537,NO,IS,-2.347
2018-06-15,2018-06-05,CAD,LONG,0.058,0.7521,0.75375,0.7608,0.75485,0.219,1.157,0.366,YES,IS,-3.124
2018-06-22,2018-06-12,CAD,LONG,0.038,0.75375,0.7608,0.75925,0.76535,0.935,0.73,1.539,YES,IS,-2.383
2018-07-06,2018-06-26,CAD,LONG,0.019,0.75925,0.75485,0.76535,0.76705,-0.58,0.803,1.027,YES,IS,-0.537
2018-07-13,2018-07-03,CAD,LONG,0.019,0.75485,0.76535,0.768,0.76035,1.391,1.742,0.729,YES,IS,0.366
2018-07-20,2018-07-10,CAD,LONG,0.058,0.76535,0.768,0.76705,0.76415,0.346,0.222,-0.157,NO,IS,1.539
2018-07-27,2018-07-17,CAD,LONG,0.019,0.768,0.76705,0.76035,0.7701,-0.124,-0.996,0.273,YES,IS,0.946
2018-08-03,2018-07-24,CAD,LONG,0.135,0.76705,0.76035,0.76415,0.7615,-0.873,-0.378,-0.724,NO,IS,1.027
2018-08-17,2018-08-07,CAD,LONG,0.135,0.76415,0.7701,0.7615,0.775,0.779,-0.347,1.42,YES,IS,-0.157
2018-08-24,2018-08-14,CAD,LONG,0.115,0.7701,0.7615,0.7699,0.76715,-1.117,-0.026,-0.383,NO,IS,0.273
2018-09-21,2018-09-11,CAD,LONG,0.077,0.76715,0.77385,0.76645,0.7651,0.873,-0.091,-0.267,NO,IS,-0.383
2018-09-28,2018-09-18,CAD,LONG,0.019,0.77385,0.76645,0.7651,0.7644,-0.956,-1.131,-1.221,NO,IS,1.622
2018-12-07,2018-11-27,CAD,LONG,0.115,0.7488,0.74165,0.73345,0.75605,-0.955,-2.05,0.968,YES,IS,-1.402
2018-12-14,2018-12-04,CAD,LONG,0.135,0.74165,0.73345,0.74215,0.75425,-1.106,0.067,1.699,YES,IS,-1.755
2018-12-21,2018-12-11,CAD,LONG,0.058,0.73345,0.74215,0.75605,0.7494,1.186,3.081,2.175,YES,IS,-2.667
2018-12-28,2018-12-18,CAD,LONG,0.019,0.74215,0.75605,0.75425,0.7619,1.873,1.63,2.661,YES,IS,-0.616
2019-01-03,2018-12-24,CAD,LONG,0.115,0.75605,0.75425,0.7494,0.752,-0.238,-0.88,-0.536,NO,IS,0.968
2019-01-10,2018-12-31,CAD,LONG,0.096,0.75425,0.7494,0.7619,0.75295,-0.643,1.014,-0.172,NO,IS,1.699
2019-01-18,2019-01-08,CAD,LONG,0.058,0.7494,0.7619,0.752,0.75665,1.668,0.347,0.967,YES,IS,2.175
2019-03-22,2019-03-12,CAD,LONG,0.058,0.7444,0.74895,0.74745,0.7418,0.611,0.41,-0.349,NO,IS,-2.22
2019-03-29,2019-03-19,CAD,LONG,0.058,0.74895,0.74745,0.74735,0.7426,-0.2,-0.214,-0.848,NO,IS,0.767
2019-06-21,2019-06-11,CAD,SHORT,0.962,0.7642,0.76535,0.76515,0.76005,-0.15,-0.124,0.543,YES,IS,3.194
2019-06-28,2019-06-18,CAD,SHORT,1.0,0.76535,0.76515,0.7671,0.7559,0.026,-0.229,1.235,YES,IS,2.299
2019-07-05,2019-06-25,CAD,SHORT,0.981,0.76515,0.7671,0.76005,0.75555,-0.255,0.667,1.255,YES,IS,1.952
2019-07-12,2019-07-02,CAD,SHORT,0.981,0.7671,0.76005,0.7559,0.7505,0.919,1.46,2.164,YES,IS,1.134
2019-07-19,2019-07-09,CAD,SHORT,0.981,0.76005,0.7559,0.75555,0.7522,0.546,0.592,1.033,YES,IS,-0.543
2019-07-26,2019-07-16,CAD,SHORT,0.981,0.7559,0.75555,0.7505,0.752,0.046,0.714,0.516,YES,IS,-1.235
2019-08-02,2019-07-23,CAD,SHORT,0.942,0.75555,0.7505,0.7522,0.7557,0.668,0.443,-0.02,NO,IS,-1.255
2019-08-09,2019-07-30,CAD,SHORT,0.962,0.7505,0.7522,0.752,0.757,-0.227,-0.2,-0.866,NO,IS,-2.164
2019-08-23,2019-08-13,CAD,SHORT,0.865,0.752,0.7557,0.757,0.75435,-0.492,-0.665,-0.313,NO,IS,-0.516
2019-09-20,2019-09-10,CAD,SHORT,0.904,0.75435,0.75035,0.75205,0.76515,0.53,0.305,-1.432,NO,IS,0.313
2019-11-01,2019-10-22,CAD,SHORT,0.904,0.7586,0.7543,0.75315,0.7591,0.567,0.718,-0.066,NO,IS,0.871
2019-11-08,2019-10-29,CAD,SHORT,0.962,0.7543,0.75315,0.7529,0.7586,0.152,0.186,-0.57,NO,IS,-0.932
2019-11-15,2019-11-05,CAD,SHORT,0.942,0.75315,0.7529,0.7591,0.76245,0.033,-0.79,-1.235,NO,IS,-1.568
2019-12-27,2019-12-17,CAD,SHORT,0.981,0.76985,0.7646,0.76635,0.7565,0.682,0.455,1.734,YES,IS,1.416
2020-01-03,2019-12-24,CAD,SHORT,0.962,0.7646,0.76635,0.7617,0.7523,-0.229,0.379,1.609,YES,IS,0.791
2020-01-10,2019-12-31,CAD,SHORT,0.981,0.76635,0.7617,0.7565,0.75415,0.607,1.285,1.592,YES,IS,0.512
2020-01-17,2020-01-07,CAD,SHORT,0.942,0.7617,0.7565,0.7523,0.75395,0.683,1.234,1.017,YES,IS,-0.236
2020-01-24,2020-01-14,CAD,SHORT,0.962,0.7565,0.7523,0.75415,0.74815,0.555,0.311,1.104,YES,IS,-1.734
2020-01-31,2020-01-21,CAD,SHORT,0.904,0.7523,0.75415,0.75395,0.7449,-0.246,-0.219,0.984,YES,IS,-1.609
2020-03-27,2020-03-17,CAD,LONG,0.019,0.7048,0.71585,0.7086,0.7182,1.568,0.539,1.901,YES,IS,-5.383
2020-04-17,2020-04-07,CAD,LONG,0.135,0.71205,0.7182,0.7147,0.717,0.864,0.372,0.695,YES,IS,-0.133
2020-04-24,2020-04-14,CAD,LONG,0.077,0.7182,0.7147,0.71055,0.72665,-0.487,-1.065,1.177,YES,IS,1.901
2020-05-01,2020-04-21,CAD,LONG,0.038,0.7147,0.71055,0.717,0.74045,-0.581,0.322,3.603,YES,IS,-0.161
2020-05-08,2020-04-28,CAD,LONG,0.077,0.71055,0.717,0.72665,0.735,0.908,2.266,3.441,YES,IS,0.275
2020-05-22,2020-05-12,CAD,LONG,0.096,0.72665,0.74045,0.735,0.7327,1.899,1.149,0.833,YES,IS,1.177
2020-09-25,2020-09-15,CAD,SHORT,1.0,0.75345,0.7574,0.75615,0.7505,-0.524,-0.358,0.392,YES,IS,-1.044
2020-11-20,2020-11-10,CAD,SHORT,0.865,0.76955,0.7779,0.7846,0.78065,-1.085,-1.956,-1.442,NO,IS,2.538
2020-12-11,2020-12-01,CAD,SHORT,0.942,0.7861,0.78065,0.78335,0.7914,0.693,0.35,-0.674,NO,IS,2.691
2020-12-18,2020-12-08,CAD,SHORT,0.981,0.78065,0.78335,0.7884,0.79185,-0.346,-0.993,-1.435,NO,IS,1.442
2020-12-25,2020-12-15,CAD,SHORT,1.0,0.78335,0.7884,0.7914,0.7816,-0.645,-1.028,0.223,YES,IS,0.701
2020-12-31,2020-12-21,CAD,SHORT,0.923,0.7884,0.7914,0.79185,0.77935,-0.381,-0.438,1.148,YES,IS,0.484
2021-01-08,2020-12-29,CAD,SHORT,0.885,0.7914,0.79185,0.7816,0.78745,-0.057,1.238,0.499,YES,IS,0.674
2021-01-15,2021-01-05,CAD,SHORT,0.865,0.79185,0.7816,0.77935,0.78865,1.294,1.579,0.404,YES,IS,1.435
2021-02-05,2021-01-26,CAD,SHORT,0.923,0.78745,0.78865,0.79515,0.7975,-0.152,-0.978,-1.276,NO,IS,-0.499
2021-02-19,2021-02-09,CAD,SHORT,0.885,0.79515,0.78985,0.7975,0.7928,0.667,-0.296,0.296,YES,IS,1.734
2021-03-05,2021-02-23,CAD,SHORT,1.0,0.7975,0.79955,0.7928,0.7958,-0.257,0.589,0.213,YES,IS,1.276
2021-03-12,2021-03-02,CAD,SHORT,0.981,0.79955,0.7928,0.79695,0.79755,0.844,0.325,0.25,YES,IS,1.382
2021-03-19,2021-03-09,CAD,SHORT,0.962,0.7928,0.79695,0.7958,0.8003,-0.523,-0.378,-0.946,NO,IS,-0.296
2021-04-09,2021-03-30,CAD,SHORT,0.885,0.79755,0.8003,0.81435,0.82185,-0.345,-2.106,-3.047,NO,IS,-0.25
2021-04-30,2021-04-20,CAD,SHORT,0.885,0.82085,0.82185,0.8292,0.826,-0.122,-1.017,-0.627,NO,IS,3.148
2021-05-07,2021-04-27,CAD,SHORT,0.942,0.82185,0.8292,0.82875,0.82725,-0.894,-0.84,-0.657,NO,IS,3.047
2021-05-14,2021-05-04,CAD,SHORT,1.0,0.8292,0.82875,0.826,0.80955,0.054,0.386,2.37,YES,IS,3.611
2021-05-28,2021-05-18,CAD,SHORT,0.865,0.826,0.82725,0.80955,0.80355,-0.151,1.992,2.718,YES,IS,0.627
2021-06-04,2021-05-25,CAD,SHORT,0.885,0.82725,0.80955,0.81155,0.7979,2.14,1.898,3.548,YES,IS,0.657
2021-06-11,2021-06-01,CAD,SHORT,0.981,0.80955,0.81155,0.80355,0.79315,-0.247,0.741,2.026,YES,IS,-2.37
2021-06-18,2021-06-08,CAD,SHORT,0.962,0.81155,0.80355,0.7979,0.7964,0.986,1.682,1.867,YES,IS,-2.075
2021-08-27,2021-08-17,CAD,LONG,0.096,0.79645,0.79055,0.78865,0.79,-0.741,-0.979,-0.81,NO,IS,-0.481
2021-09-03,2021-08-24,CAD,LONG,0.038,0.79055,0.78865,0.79055,0.79655,-0.24,0.0,0.759,YES,IS,-0.94
2021-09-10,2021-08-31,CAD,LONG,0.019,0.78865,0.79055,0.79,0.80855,0.241,0.171,2.523,YES,IS,1.115
2021-09-17,2021-09-07,CAD,LONG,0.135,0.79055,0.79,0.79655,0.8077,-0.07,0.759,2.169,YES,IS,0.292
2021-09-24,2021-09-14,CAD,LONG,0.058,0.79,0.79655,0.80855,0.80985,0.829,2.348,2.513,YES,IS,-0.81
2021-10-01,2021-09-21,CAD,LONG,0.096,0.79655,0.80855,0.8077,0.80255,1.506,1.4,0.753,YES,IS,0.759
2021-10-08,2021-09-28,CAD,LONG,0.019,0.80855,0.8077,0.80985,0.7949,-0.105,0.161,-1.688,NO,IS,2.523
2021-10-15,2021-10-05,CAD,LONG,0.135,0.8077,0.80985,0.80255,0.79355,0.266,-0.638,-1.752,NO,IS,2.169
2021-12-10,2021-11-30,CAD,LONG,0.019,0.7817,0.781,0.78475,0.80075,-0.09,0.39,2.437,YES,IS,-1.493
2021-12-17,2021-12-07,CAD,LONG,0.019,0.781,0.78475,0.7855,0.80175,0.48,0.576,2.657,YES,IS,-1.208
2021-12-31,2021-12-21,CAD,LONG,0.019,0.7855,0.80075,0.80175,0.7888,1.941,2.069,0.42,YES,IS,-0.089
2022-01-07,2021-12-28,CAD,LONG,0.038,0.80075,0.80175,0.7846,0.78635,0.125,-2.017,-1.798,NO,IS,2.437
2022-01-14,2022-01-04,CAD,LONG,0.038,0.80175,0.7846,0.7888,0.78745,-2.139,-1.615,-1.784,NO,IS,2.657
2022-01-21,2022-01-11,CAD,LONG,0.115,0.7846,0.7888,0.78635,0.78025,0.535,0.223,-0.554,NO,IS,-0.019
2022-02-18,2022-02-08,CAD,LONG,0.019,0.78025,0.7885,0.78385,0.7971,1.057,0.461,2.16,YES,IS,-0.554
2022-02-25,2022-02-15,CAD,LONG,0.077,0.7885,0.78385,0.79105,0.80105,-0.59,0.323,1.592,YES,IS,-0.038
2022-03-25,2022-03-15,CAD,LONG,0.019,0.80105,0.795,0.79305,0.7808,-0.755,-0.999,-2.528,NO,IS,1.592
2022-05-20,2022-05-10,CAD,LONG,0.077,0.78285,0.795,0.7883,0.7691,1.552,0.696,-1.756,NO,IS,0.263
2022-05-27,2022-05-17,CAD,LONG,0.038,0.795,0.7883,0.77345,0.77695,-0.843,-2.711,-2.27,NO,IS,2.211
2022-07-01,2022-06-21,CAD,LONG,0.115,0.7704,0.7629,0.7754,0.7783,-0.974,0.649,1.025,YES,IS,-2.271
2022-07-15,2022-07-05,CAD,LONG,0.038,0.7754,0.7798,0.7783,0.77245,0.567,0.374,-0.38,NO,IS,0.819
2022-07-22,2022-07-12,CAD,LONG,0.058,0.7798,0.7783,0.78375,0.7727,-0.192,0.507,-0.91,NO,IS,0.367
2022-07-29,2022-07-19,CAD,LONG,0.115,0.7783,0.78375,0.77245,0.7592,0.7,-0.752,-2.454,NO,OOS,1.025
2022-09-16,2022-09-06,CAD,LONG,0.058,0.741,0.7292,0.7272,0.72595,-1.592,-1.862,-2.031,NO,OOS,-4.102
2022-09-23,2022-09-13,CAD,LONG,0.077,0.7292,0.7272,0.72855,0.7372,-0.274,-0.089,1.097,YES,OOS,-3.952
2022-09-30,2022-09-20,CAD,LONG,0.038,0.7272,0.72855,0.72595,0.72855,0.186,-0.172,0.186,YES,OOS,-4.723
2022-10-07,2022-09-27,CAD,LONG,0.038,0.72855,0.72595,0.7372,0.7491,-0.357,1.187,2.821,YES,OOS,-3.65
2022-10-21,2022-10-11,CAD,LONG,0.077,0.7372,0.72855,0.7491,0.7486,-1.173,1.614,1.546,YES,OOS,1.097
2022-10-28,2022-10-18,CAD,LONG,0.038,0.72855,0.7491,0.75035,0.7448,2.821,2.992,2.23,YES,OOS,0.186
2022-11-04,2022-10-25,CAD,LONG,0.115,0.7491,0.75035,0.7486,0.7361,0.167,-0.067,-1.735,NO,OOS,2.821
2022-11-11,2022-11-01,CAD,LONG,0.115,0.75035,0.7486,0.7448,0.73225,-0.233,-0.74,-2.412,NO,OOS,3.361
2022-11-25,2022-11-15,CAD,LONG,0.135,0.7448,0.7361,0.73225,0.73875,-1.168,-1.685,-0.812,NO,OOS,2.23
2023-03-03,2023-02-21,CAD,LONG,0.096,0.7234,0.72875,0.7293,0.7424,0.74,0.816,2.626,YES,OOS,-2.697
2023-03-10,2023-02-28,CAD,LONG,0.096,0.72875,0.7293,0.7399,0.74995,0.075,1.53,2.909,YES,OOS,-2.162
2023-03-17,2023-03-07,CAD,LONG,0.019,0.7293,0.7399,0.7424,0.7424,1.453,1.796,1.796,YES,OOS,-1.192
2023-03-24,2023-03-14,CAD,LONG,0.038,0.7399,0.7424,0.74995,0.73535,0.338,1.358,-0.615,NO,OOS,0.632
2023-03-31,2023-03-21,CAD,LONG,0.038,0.7424,0.74995,0.7424,0.73885,1.017,0.0,-0.478,NO,OOS,2.626
2023-04-07,2023-03-28,CAD,LONG,0.058,0.74995,0.7424,0.73535,0.74155,-1.007,-1.947,-1.12,NO,OOS,2.909
2023-05-12,2023-05-02,CAD,LONG,0.077,0.7406,0.73355,0.7439,0.75705,-0.952,0.446,2.221,YES,OOS,-0.242
2023-06-09,2023-05-30,CAD,LONG,0.038,0.75705,0.761,0.75515,0.76295,0.522,-0.251,0.779,YES,OOS,2.221
2023-06-23,2023-06-13,CAD,SHORT,0.962,0.75515,0.7488,0.76295,0.75595,0.841,-1.033,-0.106,NO,OOS,1.512
2023-06-30,2023-06-20,CAD,SHORT,1.0,0.7488,0.76295,0.75915,0.74895,-1.89,-1.382,-0.02,NO,OOS,0.007
2023-07-07,2023-06-27,CAD,SHORT,1.0,0.76295,0.75915,0.75595,0.7453,0.498,0.917,2.313,YES,OOS,0.779
2023-07-13,2023-07-03,CAD,SHORT,0.962,0.75915,0.75595,0.74895,0.7382,0.422,1.344,2.76,YES,OOS,-0.243
2023-07-21,2023-07-11,CAD,SHORT,0.923,0.75595,0.74895,0.7453,0.7369,0.926,1.409,2.52,YES,OOS,0.106
2023-07-28,2023-07-18,CAD,SHORT,0.942,0.74895,0.7453,0.7382,0.73985,0.487,1.435,1.215,YES,OOS,0.02
2023-08-04,2023-07-25,CAD,SHORT,0.981,0.7453,0.7382,0.7369,0.73085,0.953,1.127,1.939,YES,OOS,-2.313
2023-08-11,2023-08-01,CAD,SHORT,0.981,0.7382,0.7369,0.73985,0.7403,0.176,-0.224,-0.284,NO,OOS,-2.76
2023-09-22,2023-09-12,CAD,LONG,0.077,0.74085,0.72925,0.73045,0.724,-1.566,-1.404,-2.274,NO,OOS,0.135
2023-11-03,2023-10-24,CAD,LONG,0.135,0.72405,0.727,0.73005,0.7358,0.407,0.829,1.623,YES,OOS,-0.876
2023-11-10,2023-10-31,CAD,LONG,0.096,0.727,0.73005,0.73725,0.7458,0.42,1.41,2.586,YES,OOS,-0.288
2023-11-24,2023-11-14,CAD,LONG,0.096,0.73725,0.7358,0.7458,0.7561,-0.197,1.16,2.557,YES,OOS,1.382
2024-01-05,2023-12-26,CAD,SHORT,0.885,0.7465,0.7408,0.7421,0.74325,0.764,0.589,0.435,YES,OOS,0.094
2024-01-12,2024-01-02,CAD,SHORT,0.904,0.7408,0.7421,0.74725,0.7424,-0.175,-0.871,-0.216,NO,OOS,-1.588
2024-04-26,2024-04-16,CAD,LONG,0.038,0.7317,0.73125,0.73495,0.7315,-0.062,0.444,-0.027,NO,OOS,-0.941
2024-05-03,2024-04-23,CAD,LONG,0.058,0.73125,0.73495,0.72795,0.7319,0.506,-0.451,0.089,YES,OOS,0.068
2024-05-10,2024-04-30,CAD,LONG,0.115,0.73495,0.72795,0.7315,0.7278,-0.952,-0.469,-0.973,NO,OOS,1.205
2024-06-14,2024-06-04,CAD,LONG,0.038,0.731,0.7306,0.7335,0.7299,-0.055,0.342,-0.15,NO,OOS,0.419
2024-06-21,2024-06-11,CAD,LONG,0.038,0.7306,0.7335,0.73365,0.72395,0.397,0.417,-0.91,NO,OOS,-0.123
2024-06-28,2024-06-18,CAD,LONG,0.019,0.7335,0.73365,0.7299,0.7206,0.02,-0.491,-1.759,NO,OOS,0.219
2024-08-09,2024-07-30,CAD,LONG,0.115,0.7287,0.7357,0.74255,0.73595,0.961,1.901,0.995,YES,OOS,-0.164
2024-09-06,2024-08-27,CAD,SHORT,0.885,0.73595,0.73815,0.7427,0.7269,-0.299,-0.917,1.23,YES,OOS,0.995
2024-09-13,2024-09-03,CAD,SHORT,0.904,0.73815,0.7427,0.73825,0.72535,-0.616,-0.014,1.734,YES,OOS,0.333
2024-09-27,2024-09-17,CAD,SHORT,0.865,0.73825,0.7269,0.72535,0.7194,1.537,1.747,2.553,YES,OOS,-0.317
2024-10-04,2024-09-24,CAD,SHORT,0.885,0.7269,0.72535,0.72235,0.72165,0.213,0.626,0.722,YES,OOS,-1.23
2024-10-11,2024-10-01,CAD,SHORT,0.962,0.72535,0.72235,0.7194,0.71255,0.414,0.82,1.765,YES,OOS,-1.734
2024-11-01,2024-10-22,CAD,LONG,0.096,0.72165,0.71255,0.7167,0.7132,-1.261,-0.686,-1.171,NO,OOS,-0.722
2024-11-22,2024-11-12,CAD,LONG,0.038,0.71395,0.7132,0.70395,0.69425,-0.105,-1.401,-2.759,NO,OOS,-0.758
2024-12-20,2024-12-10,CAD,LONG,0.019,0.69425,0.6939,0.6949,0.697,-0.05,0.094,0.396,YES,OOS,-2.759
2024-12-27,2024-12-17,CAD,LONG,0.038,0.6939,0.6949,0.69555,0.6943,0.144,0.238,0.058,YES,OOS,-2.706
2025-01-03,2024-12-24,CAD,LONG,0.058,0.6949,0.69555,0.697,0.6988,0.094,0.302,0.561,YES,OOS,-1.286
2025-01-10,2024-12-31,CAD,LONG,0.038,0.69555,0.697,0.6943,0.70285,0.208,-0.18,1.05,YES,HOLDOUT,-0.029
2025-01-17,2025-01-07,CAD,LONG,0.038,0.697,0.6943,0.6988,0.70625,-0.387,0.258,1.327,YES,HOLDOUT,0.396
2025-01-24,2025-01-14,CAD,LONG,0.038,0.6943,0.6988,0.70285,0.693,0.648,1.231,-0.187,NO,HOLDOUT,0.058
2025-01-31,2025-01-21,CAD,LONG,0.115,0.6988,0.70285,0.70625,0.6996,0.58,1.066,0.114,YES,HOLDOUT,0.561
2025-02-07,2025-01-28,CAD,LONG,0.019,0.70285,0.70625,0.693,0.69345,0.484,-1.401,-1.337,NO,HOLDOUT,1.05
2025-03-21,2025-03-11,CAD,LONG,0.096,0.69895,0.7105,0.7152,0.7224,1.652,2.325,3.355,YES,HOLDOUT,0.859
2025-06-06,2025-05-27,CAD,SHORT,0.865,0.7353,0.7312,0.7345,0.73155,0.558,0.109,0.51,YES,HOLDOUT,2.674
2025-06-20,2025-06-10,CAD,SHORT,0.865,0.7345,0.73755,0.73155,0.7341,-0.415,0.402,0.054,YES,HOLDOUT,1.268
2025-06-27,2025-06-17,CAD,SHORT,0.923,0.73755,0.73155,0.7285,0.72285,0.814,1.227,1.993,YES,HOLDOUT,0.696
2025-07-04,2025-06-24,CAD,SHORT,0.865,0.73155,0.7285,0.7341,0.7268,0.417,-0.349,0.649,YES,HOLDOUT,-0.51
2025-07-18,2025-07-08,CAD,SHORT,0.865,0.7341,0.72285,0.7268,0.72035,1.532,0.994,1.873,YES,HOLDOUT,-0.054
2025-10-10,2025-09-30,CAD,LONG,0.058,0.71285,0.7158,0.7158,0.71275,0.414,0.414,-0.014,NO,HOLDOUT,-1.777
2025-10-17,2025-10-07,CAD,LONG,0.038,0.7158,0.7158,0.70895,0.71055,0.0,-0.957,-0.733,NO,HOLDOUT,-0.279
2025-10-24,2025-10-14,CAD,LONG,0.058,0.7158,0.70895,0.71275,0.7135,-0.957,-0.426,-0.321,NO,HOLDOUT,-0.112
2025-11-14,2025-11-04,CAD,LONG,0.135,0.71055,0.7135,0.7172,0.72685,0.415,0.936,2.294,YES,HOLDOUT,-0.733
2025-11-20,2025-11-10,CAD,LONG,0.019,0.7135,0.7172,0.7259,0.7323,0.519,1.738,2.635,YES,HOLDOUT,-0.321
2026-01-09,2025-12-30,CAD,SHORT,0.981,0.71995,0.7259,0.7415,0.73485,-0.826,-2.993,-2.07,NO,HOLDOUT,-0.949
2026-01-16,2026-01-06,CAD,SHORT,1.0,0.7259,0.7415,0.7313,0.7306,-2.149,-0.744,-0.647,NO,HOLDOUT,-0.874
2026-02-06,2026-01-27,CAD,SHORT,0.885,0.73485,0.7306,0.7315,0.7342,0.578,0.456,0.088,YES,HOLDOUT,2.07
2026-02-13,2026-02-03,CAD,SHORT,1.0,0.7306,0.7315,0.7307,0.72935,-0.123,-0.014,0.171,YES,HOLDOUT,0.647
2026-02-20,2026-02-10,CAD,SHORT,1.0,0.7315,0.7307,0.7342,0.7227,0.109,-0.369,1.203,YES,HOLDOUT,-1.349
2026-02-27,2026-02-17,CAD,SHORT,0.962,0.7307,0.7342,0.72935,0.723,-0.479,0.185,1.054,YES,HOLDOUT,-0.082
2026-03-13,2026-03-03,CAD,SHORT,0.885,0.72935,0.7227,0.723,,0.912,0.871,,,HOLDOUT,-0.171
2026-03-20,2026-03-10,CAD,SHORT,1.0,0.7227,0.723,,,-0.042,,,,HOLDOUT,-1.203
2026-03-27,2026-03-17,CAD,SHORT,0.942,0.723,,,,,,,,HOLDOUT,-1.054
2014-07-18,2014-07-08,EUR,LONG,0.037,1.0952,1.0952,1.0952,1.0952,0.0,0.0,0.0,NO,IS,0.0
2014-07-25,2014-07-15,EUR,LONG,0.036,1.0952,1.0952,1.0952,1.0952,0.0,0.0,0.0,NO,IS,0.0
2014-08-01,2014-07-22,EUR,LONG,0.034,1.0952,1.0952,1.0952,1.0952,0.0,0.0,0.0,NO,IS,0.0
2014-08-08,2014-07-29,EUR,LONG,0.033,1.0952,1.0952,1.0952,1.0952,0.0,0.0,0.0,NO,IS,0.0
2014-08-15,2014-08-05,EUR,LONG,0.032,1.0952,1.0952,1.0952,1.0952,0.0,0.0,0.0,NO,IS,0.0
2014-08-22,2014-08-12,EUR,LONG,0.062,1.0952,1.0952,1.0952,1.0952,0.0,0.0,0.0,NO,IS,0.0
2014-08-29,2014-08-19,EUR,LONG,0.03,1.0952,1.0952,1.0952,1.0952,0.0,0.0,0.0,NO,IS,0.0
2014-09-05,2014-08-26,EUR,LONG,0.147,1.0952,1.0952,1.0952,1.0952,0.0,0.0,0.0,NO,IS,0.0
2014-09-12,2014-09-02,EUR,LONG,0.114,1.0952,1.0952,1.0952,1.0952,0.0,0.0,0.0,NO,IS,0.0
2014-09-19,2014-09-09,EUR,LONG,0.028,1.0952,1.0952,1.0952,1.0952,0.0,0.0,0.0,NO,IS,0.0
2014-09-26,2014-09-16,EUR,LONG,0.027,1.0952,1.0952,1.0952,1.0952,0.0,0.0,0.0,NO,IS,0.0
2014-10-10,2014-09-30,EUR,LONG,0.128,1.0952,1.0952,1.0952,1.0952,0.0,0.0,0.0,NO,IS,0.0
2014-10-17,2014-10-07,EUR,LONG,0.025,1.0952,1.0952,1.0952,1.0952,0.0,0.0,0.0,NO,IS,0.0
2014-11-14,2014-11-04,EUR,LONG,0.023,1.0952,1.0952,1.0952,1.0952,0.0,0.0,0.0,NO,IS,0.0
2014-11-21,2014-11-11,EUR,LONG,0.022,1.0952,1.0952,1.0952,1.0952,0.0,0.0,0.0,NO,IS,0.0
2014-11-28,2014-11-18,EUR,LONG,0.065,1.0952,1.0952,1.0952,1.0952,0.0,0.0,0.0,NO,IS,0.0
2014-12-05,2014-11-25,EUR,LONG,0.064,1.0952,1.0952,1.0952,1.0952,0.0,0.0,0.0,NO,IS,0.0
2014-12-12,2014-12-02,EUR,LONG,0.083,1.0952,1.0952,1.0952,1.0952,0.0,0.0,0.0,NO,IS,0.0
2014-12-19,2014-12-09,EUR,LONG,0.102,1.0952,1.0952,1.0952,1.0952,0.0,0.0,0.0,NO,IS,0.0
2015-01-16,2015-01-06,EUR,LONG,0.096,1.0952,1.0952,1.0952,1.0952,0.0,0.0,0.0,NO,IS,0.0
2015-01-23,2015-01-13,EUR,LONG,0.058,1.0952,1.0952,1.0952,1.0952,0.0,0.0,0.0,NO,IS,0.0
2015-01-30,2015-01-20,EUR,LONG,0.135,1.0952,1.0952,1.0952,1.0952,0.0,0.0,0.0,NO,IS,0.0
2015-02-06,2015-01-27,EUR,LONG,0.019,1.0952,1.0952,1.0952,1.0952,0.0,0.0,0.0,NO,IS,0.0
2015-02-13,2015-02-03,EUR,LONG,0.115,1.0952,1.0952,1.0952,1.0952,0.0,0.0,0.0,NO,IS,0.0
2015-06-05,2015-05-26,EUR,SHORT,0.904,1.0952,1.0952,1.0952,1.0952,-0.0,-0.0,-0.0,NO,IS,0.0
2015-06-19,2015-06-09,EUR,SHORT,0.865,1.0952,1.0952,1.0952,1.0952,-0.0,-0.0,-0.0,NO,IS,0.0
2015-06-26,2015-06-16,EUR,SHORT,0.962,1.0952,1.0952,1.0952,1.0952,-0.0,-0.0,-0.0,NO,IS,0.0
2015-07-03,2015-06-23,EUR,SHORT,0.981,1.0952,1.0952,1.0952,1.0952,-0.0,-0.0,-0.0,NO,IS,0.0
2015-07-10,2015-06-30,EUR,SHORT,0.962,1.0952,1.0952,1.0952,1.0952,-0.0,-0.0,-0.0,NO,IS,0.0
2015-07-24,2015-07-14,EUR,SHORT,0.942,1.0952,1.0952,1.0952,1.0952,-0.0,-0.0,-0.0,NO,IS,0.0
2015-08-07,2015-07-28,EUR,SHORT,0.904,1.0952,1.0952,1.0952,1.0952,-0.0,-0.0,-0.0,NO,IS,0.0
2015-08-21,2015-08-11,EUR,SHORT,0.885,1.0952,1.0952,1.0952,1.0952,-0.0,-0.0,-0.0,NO,IS,0.0
2015-08-28,2015-08-18,EUR,SHORT,1.0,1.0952,1.0952,1.0952,1.0952,-0.0,-0.0,-0.0,NO,IS,0.0
2015-09-04,2015-08-25,EUR,SHORT,1.0,1.0952,1.0952,1.0952,1.0952,-0.0,-0.0,-0.0,NO,IS,0.0
2015-09-11,2015-09-01,EUR,SHORT,1.0,1.0952,1.0952,1.0952,1.0952,-0.0,-0.0,-0.0,NO,IS,0.0
2015-09-18,2015-09-08,EUR,SHORT,0.962,1.0952,1.0952,1.0952,1.0952,-0.0,-0.0,-0.0,NO,IS,0.0
2015-09-25,2015-09-15,EUR,SHORT,1.0,1.0952,1.0952,1.0952,1.0952,-0.0,-0.0,-0.0,NO,IS,0.0
2015-10-02,2015-09-22,EUR,SHORT,0.962,1.0952,1.0952,1.0952,1.0952,-0.0,-0.0,-0.0,NO,IS,0.0
2015-10-09,2015-09-29,EUR,SHORT,0.942,1.0952,1.0952,1.0952,1.0952,-0.0,-0.0,-0.0,NO,IS,0.0
2015-10-16,2015-10-06,EUR,SHORT,0.981,1.0952,1.0952,1.0952,1.0952,-0.0,-0.0,-0.0,NO,IS,0.0
2015-10-23,2015-10-13,EUR,SHORT,1.0,1.0952,1.0952,1.0952,1.0952,-0.0,-0.0,-0.0,NO,IS,0.0
2015-10-30,2015-10-20,EUR,SHORT,0.981,1.0952,1.0952,1.0952,1.0952,-0.0,-0.0,-0.0,NO,IS,0.0
2015-12-18,2015-12-08,EUR,SHORT,0.865,1.0952,1.0952,1.0952,1.08905,-0.0,-0.0,0.562,YES,IS,0.0
2016-01-01,2015-12-22,EUR,SHORT,0.904,1.0952,1.0878,1.08905,1.1222,0.676,0.562,-2.465,NO,IS,0.0
2016-01-08,2015-12-29,EUR,SHORT,0.923,1.0878,1.08905,1.0967,1.1332,-0.115,-0.818,-4.174,NO,IS,-0.676
2016-01-15,2016-01-05,EUR,SHORT,0.942,1.08905,1.0967,1.1222,1.11035,-0.702,-3.044,-1.956,NO,IS,-0.562
2016-01-22,2016-01-12,EUR,SHORT,1.0,1.0967,1.1222,1.1332,1.1045,-2.325,-3.328,-0.711,NO,IS,0.137
2016-01-29,2016-01-19,EUR,SHORT,1.0,1.1222,1.1332,1.11035,1.09585,-0.98,1.056,2.348,YES,IS,2.465
2016-02-05,2016-01-26,EUR,SHORT,0.962,1.1332,1.11035,1.1045,1.12005,2.016,2.533,1.16,YES,IS,4.174
2016-02-19,2016-02-09,EUR,SHORT,0.981,1.1045,1.09585,1.12005,1.1197,0.783,-1.408,-1.376,NO,IS,0.711
2016-02-26,2016-02-16,EUR,SHORT,1.0,1.09585,1.12005,1.13475,1.1412,-2.208,-3.55,-4.138,NO,IS,-2.348
2016-03-04,2016-02-23,EUR,SHORT,0.981,1.12005,1.13475,1.1197,1.14005,-1.312,0.031,-1.786,NO,IS,-1.16
2016-03-25,2016-03-15,EUR,SHORT,0.962,1.1412,1.14005,1.12855,1.1364,0.101,1.108,0.421,YES,IS,4.138
2016-04-01,2016-03-22,EUR,SHORT,0.962,1.14005,1.12855,1.13115,1.1411,1.009,0.781,-0.092,NO,IS,1.786
2016-04-08,2016-03-29,EUR,SHORT,1.0,1.12855,1.13115,1.1364,1.13845,-0.23,-0.696,-0.877,NO,IS,-0.546
2016-04-15,2016-04-05,EUR,SHORT,0.962,1.13115,1.1364,1.1411,1.1208,-0.464,-0.88,0.915,YES,IS,1.023
2016-04-22,2016-04-12,EUR,SHORT,0.981,1.1364,1.1411,1.13845,1.1195,-0.414,-0.18,1.487,YES,IS,-0.421
2016-04-29,2016-04-19,EUR,SHORT,0.962,1.1411,1.13845,1.1208,1.1153,0.232,1.779,2.261,YES,IS,0.092
2016-05-06,2016-04-26,EUR,SHORT,0.942,1.13845,1.1208,1.1195,1.1332,1.55,1.665,0.461,YES,IS,0.877
2016-05-13,2016-05-03,EUR,SHORT,0.962,1.1208,1.1195,1.1153,1.12755,0.116,0.491,-0.602,NO,IS,-0.915
2017-01-13,2017-01-03,EUR,SHORT,0.981,1.0682,1.07175,1.07785,1.0685,-0.332,-0.903,-0.028,NO,IS,1.937
2017-02-17,2017-02-07,EUR,SHORT,0.942,1.05785,1.05045,1.05935,1.0799,0.7,-0.142,-2.084,NO,IS,-1.297
2017-03-03,2017-02-21,EUR,SHORT,0.865,1.05935,1.07655,1.0799,1.0651,-1.624,-1.94,-0.543,NO,IS,-0.717
2017-03-24,2017-03-14,EUR,SHORT,1.0,1.0697,1.0651,1.06225,1.08905,0.43,0.696,-1.809,NO,IS,1.833
2017-03-31,2017-03-21,EUR,SHORT,1.0,1.0651,1.06225,1.0732,1.0982,0.268,-0.76,-3.108,NO,IS,0.543
2017-04-07,2017-03-28,EUR,SHORT,0.962,1.06225,1.0732,1.08905,1.0867,-1.031,-2.523,-2.302,NO,IS,-1.328
2017-04-14,2017-04-04,EUR,SHORT,1.0,1.0732,1.08905,1.0982,1.112,-1.477,-2.329,-3.615,NO,IS,-0.62
2017-04-21,2017-04-11,EUR,SHORT,0.942,1.08905,1.0982,1.0867,1.1216,-0.84,0.216,-2.989,NO,IS,1.809
2017-04-28,2017-04-18,EUR,SHORT,0.904,1.0982,1.0867,1.112,1.12235,1.047,-1.257,-2.199,NO,IS,3.108
2017-05-05,2017-04-25,EUR,SHORT,1.0,1.0867,1.112,1.1216,1.1228,-2.328,-3.212,-3.322,NO,IS,2.302
2017-05-12,2017-05-02,EUR,SHORT,0.865,1.112,1.1216,1.12235,1.1154,-0.863,-0.931,-0.306,NO,IS,3.615
2017-05-19,2017-05-09,EUR,SHORT,1.0,1.1216,1.12235,1.1228,1.1162,-0.067,-0.107,0.481,YES,IS,2.989
2017-05-26,2017-05-16,EUR,SHORT,1.0,1.12235,1.1228,1.1154,1.1442,-0.04,0.619,-1.947,NO,IS,2.199
2017-06-02,2017-05-23,EUR,SHORT,1.0,1.1228,1.1154,1.1162,1.1427,0.659,0.588,-1.772,NO,IS,3.322
2017-06-09,2017-05-30,EUR,SHORT,1.0,1.1154,1.1162,1.1442,1.14065,-0.072,-2.582,-2.264,NO,IS,0.306
2017-06-16,2017-06-06,EUR,SHORT,0.981,1.1162,1.1442,1.1427,1.1638,-2.509,-2.374,-4.264,NO,IS,-0.481
2017-06-23,2017-06-13,EUR,SHORT,0.923,1.1442,1.1427,1.14065,1.1693,0.131,0.31,-2.194,NO,IS,1.947
2017-06-30,2017-06-20,EUR,SHORT,0.942,1.1427,1.14065,1.1638,1.1873,0.179,-1.847,-3.903,NO,IS,1.772
2017-07-07,2017-06-27,EUR,SHORT,0.962,1.14065,1.1638,1.1693,1.1771,-2.03,-2.512,-3.196,NO,IS,2.264
2017-07-13,2017-07-03,EUR,SHORT,1.0,1.1638,1.1693,1.1873,1.1759,-0.473,-2.019,-1.04,NO,IS,4.264
2017-07-21,2017-07-11,EUR,SHORT,1.0,1.1693,1.1873,1.1771,1.1818,-1.539,-0.667,-1.069,NO,IS,2.194
2017-07-28,2017-07-18,EUR,SHORT,1.0,1.1873,1.1771,1.1759,1.1912,0.859,0.96,-0.328,NO,IS,3.903
2017-08-04,2017-07-25,EUR,SHORT,0.981,1.1771,1.1759,1.1818,1.20105,0.102,-0.399,-2.035,NO,IS,3.196
2017-08-11,2017-08-01,EUR,SHORT,0.981,1.1759,1.1818,1.1912,1.19145,-0.502,-1.301,-1.322,NO,IS,1.04
2017-08-18,2017-08-08,EUR,SHORT,1.0,1.1818,1.1912,1.20105,1.19465,-0.795,-1.629,-1.087,NO,IS,1.069
2017-08-25,2017-08-15,EUR,SHORT,0.942,1.1912,1.20105,1.19145,1.1801,-0.827,-0.021,0.932,YES,IS,0.328
2017-09-01,2017-08-22,EUR,SHORT,0.962,1.20105,1.19145,1.19465,1.171,0.799,0.533,2.502,YES,IS,2.035
2017-09-08,2017-08-29,EUR,SHORT,0.981,1.19145,1.19465,1.1801,1.18355,-0.269,0.953,0.663,YES,IS,1.322
2017-09-15,2017-09-05,EUR,SHORT,0.865,1.19465,1.1801,1.171,1.18435,1.218,1.98,0.862,YES,IS,1.087
2017-09-22,2017-09-12,EUR,SHORT,1.0,1.1801,1.171,1.18355,1.1669,0.771,-0.292,1.119,YES,IS,-0.932
2017-12-08,2017-11-28,EUR,SHORT,1.0,1.17935,1.1904,1.1963,1.204,-0.937,-1.437,-2.09,NO,IS,0.081
2017-12-15,2017-12-05,EUR,SHORT,0.981,1.1904,1.1963,1.20775,1.2266,-0.496,-1.457,-3.041,NO,IS,0.541
2017-12-29,2017-12-19,EUR,SHORT,1.0,1.20775,1.204,1.2266,1.2516,0.31,-1.561,-3.631,NO,IS,2.534
2018-01-05,2017-12-26,EUR,SHORT,1.0,1.204,1.2266,1.24075,1.22695,-1.877,-3.052,-1.906,NO,IS,2.09
2018-01-12,2018-01-02,EUR,SHORT,0.981,1.2266,1.24075,1.2516,1.25075,-1.154,-2.038,-1.969,NO,IS,3.041
2018-01-19,2018-01-09,EUR,SHORT,0.981,1.24075,1.2516,1.22695,1.2349,-0.874,1.112,0.471,YES,IS,3.716
2018-01-26,2018-01-16,EUR,SHORT,1.0,1.2516,1.22695,1.25075,1.22655,1.969,0.068,2.001,YES,IS,3.631
2018-02-02,2018-01-23,EUR,SHORT,1.0,1.22695,1.25075,1.2349,1.2312,-1.94,-0.648,-0.346,NO,IS,1.906
2018-02-09,2018-01-30,EUR,SHORT,0.981,1.25075,1.2349,1.22655,1.2305,1.267,1.935,1.619,YES,IS,1.969
2018-02-16,2018-02-06,EUR,SHORT,0.904,1.2349,1.22655,1.2312,1.23295,0.676,0.3,0.158,YES,IS,-0.471
2018-02-23,2018-02-13,EUR,SHORT,1.0,1.22655,1.2312,1.2305,1.2302,-0.379,-0.322,-0.298,NO,IS,-2.001
2018-03-02,2018-02-20,EUR,SHORT,0.942,1.2312,1.2305,1.23295,1.2244,0.057,-0.142,0.552,YES,IS,0.346
2018-03-16,2018-03-06,EUR,SHORT,0.904,1.23295,1.2302,1.2244,1.2357,0.223,0.693,-0.223,NO,IS,-0.158
2018-05-25,2018-05-15,EUR,LONG,0.077,1.17005,1.18145,1.15935,1.1569,0.974,-0.914,-1.124,NO,IS,-2.496
2018-06-01,2018-05-22,EUR,LONG,0.096,1.18145,1.15935,1.1643,1.1687,-1.871,-1.452,-1.079,NO,IS,-0.947
2018-06-15,2018-06-05,EUR,LONG,0.019,1.1643,1.1569,1.1687,1.16635,-0.636,0.378,0.176,YES,IS,-0.873
2018-06-22,2018-06-12,EUR,LONG,0.038,1.1569,1.1687,1.16725,1.16585,1.02,0.895,0.774,YES,IS,-1.124
2018-06-29,2018-06-19,EUR,LONG,0.038,1.1687,1.16725,1.16635,1.1594,-0.124,-0.201,-0.796,NO,IS,-1.079
2018-07-06,2018-06-26,EUR,LONG,0.058,1.16725,1.16635,1.16585,1.1544,-0.077,-0.12,-1.101,NO,IS,0.681
2018-07-13,2018-07-03,EUR,LONG,0.115,1.16635,1.16585,1.1594,1.13895,-0.043,-0.596,-2.349,NO,IS,0.176
2018-07-20,2018-07-10,EUR,LONG,0.038,1.16585,1.1594,1.1544,1.15555,-0.553,-0.982,-0.883,NO,IS,0.774
2018-07-27,2018-07-17,EUR,LONG,0.096,1.1594,1.1544,1.13895,1.1677,-0.431,-1.764,0.716,YES,IS,-0.796
2018-08-31,2018-08-21,EUR,LONG,0.115,1.16335,1.16935,1.1797,1.1522,0.516,1.405,-0.958,NO,IS,0.775
2019-02-01,2019-01-22,EUR,SHORT,0.865,1.1359,1.1302,1.13575,1.1191,0.502,0.013,1.479,YES,IS,-1.239
2019-07-05,2019-06-25,EUR,SHORT,0.923,1.126,1.12955,1.1165,1.11935,-0.315,0.844,0.591,YES,IS,-0.182
2019-09-20,2019-09-10,EUR,LONG,0.058,1.09425,1.0981,1.1008,1.11265,0.352,0.599,1.682,YES,IS,-1.107
2019-11-22,2019-11-12,EUR,SHORT,0.865,1.10175,1.1106,1.1115,1.11215,-0.803,-0.885,-0.944,NO,IS,-1.246
2019-12-13,2019-12-03,EUR,SHORT,0.962,1.11445,1.11215,1.11735,1.1155,0.206,-0.26,-0.094,NO,IS,0.632
2020-01-03,2019-12-24,EUR,SHORT,0.885,1.1108,1.1155,1.107,1.0983,-0.423,0.342,1.125,YES,IS,-0.063
2020-01-10,2019-12-31,EUR,SHORT,0.981,1.1155,1.107,1.104,1.0844,0.762,1.031,2.788,YES,IS,0.094
2020-01-17,2020-01-07,EUR,SHORT,1.0,1.107,1.104,1.0983,1.08045,0.271,0.786,2.398,YES,IS,-0.463
2020-01-24,2020-01-14,EUR,SHORT,1.0,1.104,1.0983,1.0844,1.0998,0.516,1.775,0.38,YES,IS,-1.195
2020-01-31,2020-01-21,EUR,SHORT,1.0,1.0983,1.0844,1.08045,1.1207,1.266,1.625,-2.04,NO,IS,-1.125
2020-02-07,2020-01-28,EUR,SHORT,0.962,1.0844,1.08045,1.0998,1.1178,0.364,-1.42,-3.08,NO,IS,-2.788
2020-02-14,2020-02-04,EUR,SHORT,0.942,1.08045,1.0998,1.1207,1.0684,-1.791,-3.725,1.115,YES,IS,-2.398
2020-02-28,2020-02-18,EUR,SHORT,0.865,1.1207,1.1178,1.0684,1.0852,0.259,4.667,3.168,YES,IS,2.04
2020-03-20,2020-03-10,EUR,SHORT,0.981,1.1052,1.0852,1.0936,1.07905,1.81,1.05,2.366,YES,IS,0.491
2020-03-27,2020-03-17,EUR,SHORT,0.865,1.0852,1.0936,1.08535,1.0956,-0.774,-0.014,-0.958,NO,IS,-3.168
2020-04-17,2020-04-07,EUR,SHORT,0.923,1.07905,1.0956,1.08285,1.09605,-1.534,-0.352,-1.575,NO,IS,-2.366
2020-06-12,2020-06-02,EUR,SHORT,0.865,1.12145,1.122,1.123,1.1386,-0.049,-0.138,-1.529,NO,IS,2.317
2020-06-19,2020-06-09,EUR,SHORT,0.923,1.122,1.123,1.1297,1.1615,-0.089,-0.686,-3.52,NO,IS,1.149
2020-06-26,2020-06-16,EUR,SHORT,0.885,1.123,1.1297,1.1386,1.18405,-0.597,-1.389,-5.436,NO,IS,-1.075
2020-07-03,2020-06-23,EUR,SHORT,1.0,1.1297,1.1386,1.1615,1.1877,-0.788,-2.815,-5.134,NO,IS,-0.035
2020-07-10,2020-06-30,EUR,SHORT,1.0,1.1386,1.1615,1.18405,1.17995,-2.011,-3.992,-3.632,NO,IS,1.529
2020-07-17,2020-07-07,EUR,SHORT,1.0,1.1615,1.18405,1.1877,1.1858,-1.941,-2.256,-2.092,NO,IS,3.52
2020-07-24,2020-07-14,EUR,SHORT,0.981,1.18405,1.1877,1.17995,1.1828,-0.308,0.346,0.106,YES,IS,5.436
2020-07-31,2020-07-21,EUR,SHORT,1.0,1.1877,1.17995,1.1858,1.18585,0.653,0.16,0.156,YES,IS,5.134
2020-08-07,2020-07-28,EUR,SHORT,1.0,1.17995,1.1858,1.1828,1.1826,-0.496,-0.242,-0.225,NO,IS,3.632
2020-08-14,2020-08-04,EUR,SHORT,1.0,1.1858,1.1828,1.18585,1.1847,0.253,-0.004,0.093,YES,IS,2.092
2020-08-21,2020-08-11,EUR,SHORT,0.962,1.1828,1.18585,1.1826,1.16715,-0.258,0.017,1.323,YES,IS,-0.106
2020-08-28,2020-08-18,EUR,SHORT,1.0,1.18585,1.1826,1.1847,1.175,0.274,0.097,0.915,YES,IS,-0.156
2020-09-04,2020-08-25,EUR,SHORT,0.923,1.1826,1.1847,1.16715,1.17595,-0.178,1.306,0.562,YES,IS,0.225
2020-09-11,2020-09-01,EUR,SHORT,0.885,1.1847,1.16715,1.175,1.16975,1.481,0.819,1.262,YES,IS,-0.093
2020-09-18,2020-09-08,EUR,SHORT,0.865,1.16715,1.175,1.17595,1.1824,-0.673,-0.754,-1.307,NO,IS,-1.323
2020-09-25,2020-09-15,EUR,SHORT,0.942,1.175,1.17595,1.16975,1.1675,-0.081,0.447,0.638,YES,IS,-0.915
2020-12-18,2020-12-08,EUR,SHORT,0.942,1.2196,1.2231,1.227,1.21655,-0.287,-0.607,0.25,YES,IS,2.303
2020-12-25,2020-12-15,EUR,SHORT,0.942,1.2231,1.227,1.21555,1.21365,-0.319,0.617,0.773,YES,IS,0.712
2021-01-08,2020-12-29,EUR,SHORT,0.942,1.21555,1.21655,1.21365,1.2131,-0.082,0.156,0.202,YES,IS,-1.002
2021-01-15,2021-01-05,EUR,SHORT,0.923,1.21655,1.21365,1.19685,1.20915,0.238,1.619,0.608,YES,IS,-0.25
2021-01-22,2021-01-12,EUR,SHORT,0.942,1.21365,1.19685,1.2131,1.21885,1.384,0.045,-0.428,NO,IS,-0.773
2021-01-29,2021-01-19,EUR,SHORT,0.923,1.19685,1.2131,1.20915,1.19675,-1.358,-1.028,0.008,YES,IS,-2.457
2021-05-21,2021-05-11,EUR,SHORT,1.0,1.22025,1.21275,1.2172,1.1937,0.615,0.25,2.176,YES,IS,0.606
2021-05-28,2021-05-18,EUR,SHORT,1.0,1.21275,1.2172,1.1918,1.1845,-0.367,1.727,2.329,YES,IS,0.585
2021-06-04,2021-05-25,EUR,SHORT,1.0,1.2172,1.1918,1.1937,1.18415,2.087,1.931,2.715,YES,IS,0.787
2021-06-11,2021-06-01,EUR,SHORT,0.981,1.1918,1.1937,1.1845,1.18075,-0.159,0.613,0.927,YES,IS,-2.511
2021-06-18,2021-06-08,EUR,SHORT,0.981,1.1937,1.1845,1.18415,1.1777,0.771,0.8,1.34,YES,IS,-2.176
2021-06-25,2021-06-15,EUR,SHORT,0.904,1.1845,1.18415,1.18075,1.18945,0.03,0.317,-0.418,NO,IS,-2.329
2021-07-16,2021-07-06,EUR,LONG,0.115,1.1777,1.18945,1.1838,1.16805,0.998,0.518,-0.819,NO,IS,-1.34
2021-07-23,2021-07-13,EUR,LONG,0.019,1.18945,1.1838,1.173,1.1755,-0.475,-1.383,-1.173,NO,IS,0.418
2021-07-30,2021-07-20,EUR,LONG,0.019,1.1838,1.173,1.16805,1.18765,-0.912,-1.33,0.325,YES,IS,-0.03
2021-08-06,2021-07-27,EUR,LONG,0.058,1.173,1.16805,1.1755,1.18305,-0.422,0.213,0.857,YES,IS,-0.656
2021-08-13,2021-08-03,EUR,LONG,0.038,1.16805,1.1755,1.18765,1.17605,0.638,1.678,0.685,YES,IS,-0.819
2021-08-20,2021-08-10,EUR,LONG,0.019,1.1755,1.18765,1.18305,1.1752,1.034,0.642,-0.026,NO,IS,-1.173
2021-08-27,2021-08-17,EUR,LONG,0.019,1.18765,1.18305,1.17605,1.15875,-0.387,-0.977,-2.433,NO,IS,0.325
2021-09-03,2021-08-24,EUR,LONG,0.038,1.18305,1.17605,1.1752,1.15535,-0.592,-0.664,-2.341,NO,IS,0.857
2021-09-24,2021-09-14,EUR,LONG,0.096,1.15875,1.15535,1.16,1.16885,-0.293,0.108,0.872,YES,IS,-2.433
2021-10-01,2021-09-21,EUR,LONG,0.038,1.15535,1.16,1.1628,1.1555,0.402,0.645,0.013,YES,IS,-2.341
2021-10-08,2021-09-28,EUR,LONG,0.038,1.16,1.1628,1.16885,1.14455,0.241,0.763,-1.332,NO,IS,-1.365
2021-10-15,2021-10-05,EUR,LONG,0.058,1.1628,1.16885,1.1555,1.13755,0.52,-0.628,-2.171,NO,IS,-1.055
2021-10-22,2021-10-12,EUR,LONG,0.038,1.16885,1.1555,1.14455,1.1213,-1.142,-2.079,-4.068,NO,IS,0.872
2021-10-29,2021-10-19,EUR,LONG,0.077,1.1555,1.14455,1.13755,1.1299,-0.948,-1.553,-2.215,NO,IS,0.013
2021-11-05,2021-10-26,EUR,LONG,0.058,1.14455,1.13755,1.1213,1.12885,-0.612,-2.031,-1.372,NO,IS,-1.332
2021-11-12,2021-11-02,EUR,LONG,0.077,1.13755,1.1213,1.1299,1.1337,-1.429,-0.672,-0.338,NO,IS,-2.171
2021-11-19,2021-11-09,EUR,LONG,0.077,1.1213,1.1299,1.12885,1.1344,0.767,0.673,1.168,YES,IS,-4.068
2021-12-17,2021-12-07,EUR,LONG,0.096,1.1344,1.1332,1.1289,1.1318,-0.106,-0.485,-0.229,NO,IS,1.168
2021-12-24,2021-12-14,EUR,LONG,0.096,1.1332,1.1289,1.14615,1.11445,-0.379,1.143,-1.655,NO,IS,0.292
2021-12-31,2021-12-21,EUR,LONG,0.038,1.1289,1.14615,1.1318,1.14355,1.528,0.257,1.298,YES,IS,0.004
2022-01-07,2021-12-28,EUR,LONG,0.038,1.14615,1.1318,1.11445,1.145,-1.252,-2.766,-0.1,NO,IS,1.098
2022-01-14,2022-01-04,EUR,LONG,0.115,1.1318,1.11445,1.14355,1.1369,-1.533,1.038,0.451,YES,IS,-0.229
2022-01-21,2022-01-11,EUR,LONG,0.096,1.11445,1.14355,1.145,1.1191,2.611,2.741,0.417,YES,IS,-1.655
2022-01-28,2022-01-18,EUR,LONG,0.077,1.14355,1.145,1.1369,1.106,0.127,-0.582,-3.284,NO,IS,1.298
2022-02-04,2022-01-25,EUR,LONG,0.038,1.145,1.1369,1.1191,1.09865,-0.707,-2.262,-4.048,NO,IS,-0.1
2022-03-18,2022-03-08,EUR,LONG,0.058,1.1007,1.1075,1.0883,1.08475,0.618,-1.127,-1.449,NO,IS,-1.644
2022-03-25,2022-03-15,EUR,LONG,0.038,1.1075,1.0883,1.08315,1.05115,-1.734,-2.199,-5.088,NO,IS,0.136
2022-04-01,2022-03-22,EUR,LONG,0.038,1.0883,1.08315,1.08475,1.0519,-0.473,-0.326,-3.345,NO,IS,-0.942
2022-04-15,2022-04-05,EUR,LONG,0.038,1.08475,1.05115,1.0519,1.0609,-3.097,-3.028,-2.199,NO,IS,-1.449
2022-04-22,2022-04-12,EUR,LONG,0.038,1.05115,1.0519,1.037,1.0727,0.071,-1.346,2.05,YES,IS,-5.088
2022-04-29,2022-04-19,EUR,LONG,0.038,1.0519,1.037,1.0609,1.0743,-1.416,0.856,2.129,YES,IS,-3.345
2022-05-06,2022-04-26,EUR,LONG,0.135,1.037,1.0609,1.0727,1.0628,2.305,3.443,2.488,YES,IS,-4.261
2022-07-22,2022-07-12,EUR,LONG,0.058,1.01875,1.02565,1.0326,0.9984,0.677,1.36,-1.998,NO,IS,-2.888
2022-08-05,2022-07-26,EUR,LONG,0.135,1.0326,1.01095,0.9984,0.99965,-2.097,-3.312,-3.191,NO,OOS,2.941
2022-08-19,2022-08-09,EUR,LONG,0.077,0.9984,0.99535,0.99965,0.9847,-0.305,0.125,-1.372,NO,OOS,-1.998
2022-08-26,2022-08-16,EUR,LONG,0.096,0.99535,0.99965,0.99935,0.9802,0.432,0.402,-1.522,NO,OOS,-2.954
2022-09-02,2022-08-23,EUR,LONG,0.058,0.99965,0.99935,0.9847,0.9798,-0.03,-1.496,-1.986,NO,OOS,-3.191
2022-09-09,2022-08-30,EUR,LONG,0.038,0.99935,0.9847,0.9802,0.97875,-1.466,-1.916,-2.061,NO,OOS,-1.147
2022-09-16,2022-09-06,EUR,LONG,0.019,0.9847,0.9802,0.9798,0.98,-0.457,-0.498,-0.477,NO,OOS,-1.372
2022-09-30,2022-09-20,EUR,LONG,0.077,0.9798,0.97875,0.98,0.97585,-0.107,0.02,-0.403,NO,OOS,-1.986
2022-10-14,2022-10-04,EUR,LONG,0.019,0.98,0.9973,0.97585,1.0387,1.765,-0.423,5.99,YES,OOS,-0.477
2022-11-04,2022-10-25,EUR,LONG,0.115,1.0182,1.0387,1.042,1.05675,2.013,2.337,3.786,YES,OOS,4.031
2022-11-25,2022-11-15,EUR,SHORT,1.0,1.05315,1.05675,1.06315,1.069,-0.342,-0.95,-1.505,NO,OOS,7.921
2022-12-02,2022-11-22,EUR,SHORT,0.923,1.05675,1.06315,1.0615,1.0537,-0.606,-0.449,0.289,YES,OOS,3.786
2022-12-16,2022-12-06,EUR,SHORT,0.923,1.0615,1.069,1.0537,1.08485,-0.707,0.735,-2.2,NO,OOS,1.871
2022-12-30,2022-12-20,EUR,SHORT,1.0,1.0537,1.085,1.08485,1.09145,-2.97,-2.956,-3.583,NO,OOS,-0.289
2023-01-06,2022-12-27,EUR,SHORT,0.981,1.085,1.08485,1.09005,1.0739,0.014,-0.465,1.023,YES,OOS,2.055
2023-01-13,2023-01-03,EUR,SHORT,1.0,1.08485,1.09005,1.09145,1.07045,-0.479,-0.608,1.327,YES,OOS,2.2
2023-01-20,2023-01-10,EUR,SHORT,1.0,1.09005,1.09145,1.0739,1.06055,-0.128,1.482,2.706,YES,OOS,1.969
2023-01-27,2023-01-17,EUR,SHORT,1.0,1.09145,1.0739,1.07045,1.05965,1.608,1.924,2.914,YES,OOS,3.583
2023-02-03,2023-01-24,EUR,SHORT,1.0,1.0739,1.07045,1.06055,1.05775,0.321,1.243,1.504,YES,OOS,-1.023
2023-02-10,2023-01-31,EUR,SHORT,1.0,1.07045,1.06055,1.05965,1.06315,0.925,1.009,0.682,YES,OOS,-1.327
2023-02-17,2023-02-07,EUR,SHORT,0.923,1.06055,1.05965,1.05775,1.08565,0.085,0.264,-2.367,NO,OOS,-2.706
2023-02-24,2023-02-14,EUR,SHORT,0.942,1.05965,1.05775,1.06315,1.0915,0.179,-0.33,-3.006,NO,OOS,-2.914
2023-03-03,2023-02-21,EUR,SHORT,0.942,1.05775,1.06315,1.08565,1.0936,-0.511,-2.638,-3.389,NO,OOS,-1.504
2023-03-10,2023-02-28,EUR,SHORT,0.942,1.06315,1.08565,1.0915,1.1049,-2.116,-2.667,-3.927,NO,OOS,-0.682
2023-03-17,2023-03-07,EUR,SHORT,1.0,1.08565,1.0915,1.0936,1.09795,-0.539,-0.732,-1.133,NO,OOS,2.367
2023-04-14,2023-04-04,EUR,SHORT,0.923,1.09795,1.1036,1.1021,1.0785,-0.515,-0.378,1.771,YES,OOS,1.133
2023-04-21,2023-04-11,EUR,SHORT,0.865,1.1036,1.1021,1.09195,1.0735,0.136,1.056,2.727,YES,OOS,1.109
2023-04-28,2023-04-18,EUR,SHORT,0.885,1.1021,1.09195,1.0785,1.07715,0.921,2.141,2.264,YES,OOS,0.777
2023-05-05,2023-04-25,EUR,SHORT,1.0,1.09195,1.0785,1.0735,1.0785,1.232,1.69,1.232,YES,OOS,-1.172
2023-05-19,2023-05-09,EUR,SHORT,0.981,1.0735,1.07715,1.0785,1.09715,-0.34,-0.466,-2.203,NO,OOS,-2.727
2023-05-26,2023-05-16,EUR,SHORT,0.865,1.07715,1.0785,1.0951,1.08755,-0.125,-1.666,-0.966,NO,OOS,-2.264
2023-07-21,2023-07-11,EUR,SHORT,0.923,1.09815,1.09475,1.0992,1.08205,0.31,-0.096,1.466,YES,OOS,0.975
2023-08-04,2023-07-25,EUR,SHORT,1.0,1.0992,1.08725,1.08205,1.0699,1.087,1.56,2.666,YES,OOS,-2.063
2023-10-06,2023-09-26,EUR,LONG,0.135,1.0527,1.0591,1.05675,1.0668,0.608,0.385,1.339,YES,OOS,-1.025
2023-10-13,2023-10-03,EUR,LONG,0.115,1.0591,1.05675,1.06295,1.08685,-0.222,0.364,2.62,YES,OOS,-0.759
2023-10-20,2023-10-10,EUR,LONG,0.058,1.05675,1.06295,1.0668,1.08955,0.587,0.951,3.104,YES,OOS,0.062
2023-10-27,2023-10-17,EUR,LONG,0.038,1.06295,1.0668,1.08685,1.0897,0.362,2.248,2.517,YES,OOS,0.711
2023-11-03,2023-10-24,EUR,LONG,0.038,1.0668,1.08685,1.08955,1.0802,1.879,2.133,1.256,YES,OOS,1.339
2023-11-10,2023-10-31,EUR,LONG,0.077,1.08685,1.08955,1.0897,1.0993,0.248,0.262,1.146,YES,OOS,2.62
2024-02-16,2024-02-06,EUR,LONG,0.096,1.0832,1.0809,1.0951,1.08725,-0.212,1.099,0.374,YES,OOS,-0.129
2024-02-23,2024-02-13,EUR,LONG,0.038,1.0809,1.0951,1.0886,1.0793,1.314,0.712,-0.148,NO,OOS,-0.643
2024-03-01,2024-02-20,EUR,LONG,0.058,1.0951,1.0886,1.08725,1.0854,-0.594,-0.717,-0.886,NO,OOS,1.6
2024-04-05,2024-03-26,EUR,LONG,0.115,1.07265,1.06545,1.07345,1.07825,-0.671,0.075,0.522,YES,OOS,-1.465
2024-04-12,2024-04-02,EUR,LONG,0.019,1.06545,1.07345,1.0734,1.0885,0.751,0.746,2.163,YES,OOS,-2.005
2024-04-19,2024-04-09,EUR,LONG,0.058,1.07345,1.0734,1.07825,1.08155,-0.005,0.447,0.755,YES,OOS,-0.542
2024-04-26,2024-04-16,EUR,LONG,0.019,1.0734,1.07825,1.0885,1.08445,0.452,1.407,1.029,YES,OOS,-1.106
2024-05-03,2024-04-23,EUR,LONG,0.019,1.07825,1.0885,1.08155,1.08985,0.951,0.306,1.076,YES,OOS,0.522
2024-05-10,2024-04-30,EUR,LONG,0.077,1.0885,1.08155,1.08445,1.0741,-0.638,-0.372,-1.323,NO,OOS,2.163
2024-05-17,2024-05-07,EUR,LONG,0.096,1.08155,1.08445,1.08985,1.07225,0.268,0.767,-0.86,NO,OOS,0.755
2024-07-05,2024-06-25,EUR,LONG,0.115,1.08695,1.0915,1.08595,1.0923,0.419,-0.092,0.492,YES,OOS,1.196
2024-09-06,2024-08-27,EUR,SHORT,1.0,1.10625,1.1176,1.11865,1.0923,-1.026,-1.121,1.261,YES,OOS,0.761
2024-09-13,2024-09-03,EUR,SHORT,0.981,1.1176,1.11865,1.10295,1.08395,-0.094,1.311,3.011,YES,OOS,0.481
2024-09-20,2024-09-10,EUR,SHORT,0.981,1.11865,1.10295,1.0923,1.08335,1.403,2.356,3.156,YES,OOS,0.902
2024-09-27,2024-09-17,EUR,SHORT,1.0,1.10295,1.0923,1.08395,1.0878,0.966,1.723,1.374,YES,OOS,-0.711
2024-10-04,2024-09-24,EUR,SHORT,0.923,1.0923,1.08395,1.08335,1.0787,0.764,0.819,1.245,YES,OOS,-1.261
2024-10-11,2024-10-01,EUR,SHORT,0.904,1.08395,1.08335,1.0878,1.05485,0.055,-0.355,2.685,YES,OOS,-3.011
2024-11-08,2024-10-29,EUR,LONG,0.135,1.05485,1.0494,1.05615,1.04735,-0.517,0.123,-0.711,NO,OOS,-2.685
2024-12-27,2024-12-17,EUR,LONG,0.115,1.02535,1.02985,1.0314,1.0436,0.439,0.59,1.78,YES,OOS,-3.191
2025-01-03,2024-12-24,EUR,LONG,0.019,1.02985,1.0314,1.04335,1.03895,0.151,1.311,0.884,YES,OOS,-1.671
2025-01-24,2025-01-14,EUR,LONG,0.019,1.0436,1.03895,1.0437,1.0413,-0.446,0.01,-0.22,NO,HOLDOUT,1.78
2025-03-21,2025-03-11,EUR,SHORT,0.865,1.08,1.10425,1.12175,1.13945,-2.245,-3.866,-5.505,NO,HOLDOUT,3.717
2025-04-04,2025-03-25,EUR,SHORT,0.865,1.12175,1.1394,1.13945,1.12315,-1.573,-1.578,-0.125,NO,HOLDOUT,3.339
2025-04-25,2025-04-15,EUR,SHORT,1.0,1.1297,1.12315,1.1178,1.1387,0.58,1.053,-0.797,NO,HOLDOUT,2.305
2025-05-02,2025-04-22,EUR,SHORT,1.0,1.12315,1.1178,1.1294,1.14495,0.476,-0.556,-1.941,NO,HOLDOUT,0.125
2025-05-09,2025-04-29,EUR,SHORT,1.0,1.1178,1.1294,1.1387,1.158,-1.038,-1.87,-3.596,NO,HOLDOUT,-1.896
2025-05-16,2025-05-06,EUR,SHORT,0.981,1.1294,1.1387,1.14495,1.14955,-0.823,-1.377,-1.784,NO,HOLDOUT,-0.882
2025-05-23,2025-05-13,EUR,SHORT,0.942,1.1387,1.14495,1.158,1.1733,-0.549,-1.695,-3.039,NO,HOLDOUT,0.797
2025-05-30,2025-05-20,EUR,SHORT,0.942,1.14495,1.158,1.14955,1.17555,-1.14,-0.402,-2.673,NO,HOLDOUT,1.941
2025-06-06,2025-05-27,EUR,SHORT,0.942,1.158,1.14955,1.1733,1.1694,0.73,-1.321,-0.984,NO,HOLDOUT,3.596
2025-06-13,2025-06-03,EUR,SHORT,0.962,1.14955,1.1733,1.17555,1.1608,-2.066,-2.262,-0.979,NO,HOLDOUT,1.784
2025-06-20,2025-06-10,EUR,SHORT,1.0,1.1733,1.17555,1.1694,1.1784,-0.192,0.332,-0.435,NO,HOLDOUT,3.039
2025-06-27,2025-06-17,EUR,SHORT,1.0,1.17555,1.1694,1.1608,1.1439,0.523,1.255,2.692,YES,HOLDOUT,2.673
2025-07-04,2025-06-24,EUR,SHORT,0.904,1.1694,1.1608,1.1784,1.16285,0.735,-0.77,0.56,YES,HOLDOUT,0.984
2025-07-11,2025-07-01,EUR,SHORT,0.885,1.1608,1.1784,1.1439,1.16425,-1.516,1.456,-0.297,NO,HOLDOUT,0.979
2025-07-18,2025-07-08,EUR,SHORT,0.962,1.1784,1.1439,1.16285,1.16275,2.928,1.32,1.328,YES,HOLDOUT,0.435
2025-07-25,2025-07-15,EUR,SHORT,0.942,1.1439,1.16285,1.16425,1.17005,-1.657,-1.779,-2.286,NO,HOLDOUT,-2.692
2025-09-19,2025-09-09,EUR,SHORT,0.865,1.1664,1.1728,1.1547,1.1633,-0.549,1.003,0.266,YES,HOLDOUT,-0.312
2026-01-09,2025-12-30,EUR,SHORT,0.865,1.1613,1.1757,1.19605,1.187,-1.24,-2.992,-2.213,NO,HOLDOUT,-1.111
2026-02-13,2026-02-03,EUR,SHORT,0.865,1.17765,1.18055,1.1577,1.15945,-0.246,1.694,1.545,YES,HOLDOUT,0.166
2026-02-20,2026-02-10,EUR,SHORT,0.865,1.18055,1.1577,1.1513,1.1542,1.936,2.478,2.232,YES,HOLDOUT,-1.296
2026-03-20,2026-03-10,EUR,LONG,0.135,1.1542,1.16245,,,0.715,,,,HOLDOUT,-2.232
2026-03-27,2026-03-17,EUR,LONG,0.096,1.16245,,,,,,,,HOLDOUT,0.41
2014-07-18,2014-07-08,GBP,SHORT,0.852,1.4616,1.4616,1.4616,1.4616,-0.0,-0.0,-0.0,NO,IS,0.0
2014-07-25,2014-07-15,GBP,SHORT,0.929,1.4616,1.4616,1.4616,1.4616,-0.0,-0.0,-0.0,NO,IS,0.0
2014-08-08,2014-07-29,GBP,LONG,0.133,1.4616,1.4616,1.4616,1.4616,0.0,0.0,0.0,NO,IS,0.0
2014-08-15,2014-08-05,GBP,LONG,0.032,1.4616,1.4616,1.4616,1.4616,0.0,0.0,0.0,NO,IS,0.0
2014-08-22,2014-08-12,GBP,LONG,0.031,1.4616,1.4616,1.4616,1.4616,0.0,0.0,0.0,NO,IS,0.0
2014-08-29,2014-08-19,GBP,LONG,0.03,1.4616,1.4616,1.4616,1.4616,0.0,0.0,0.0,NO,IS,0.0
2014-09-05,2014-08-26,GBP,LONG,0.029,1.4616,1.4616,1.4616,1.4616,0.0,0.0,0.0,NO,IS,0.0
2014-09-12,2014-09-02,GBP,LONG,0.029,1.4616,1.4616,1.4616,1.4616,0.0,0.0,0.0,NO,IS,0.0
2014-09-19,2014-09-09,GBP,LONG,0.028,1.4616,1.4616,1.4616,1.4616,0.0,0.0,0.0,NO,IS,0.0
2014-09-26,2014-09-16,GBP,LONG,0.027,1.4616,1.4616,1.4616,1.4616,0.0,0.0,0.0,NO,IS,0.0
2014-10-03,2014-09-23,GBP,LONG,0.026,1.4616,1.4616,1.4616,1.4616,0.0,0.0,0.0,NO,IS,0.0
2014-10-10,2014-09-30,GBP,LONG,0.103,1.4616,1.4616,1.4616,1.4616,0.0,0.0,0.0,NO,IS,0.0
2014-10-17,2014-10-07,GBP,LONG,0.05,1.4616,1.4616,1.4616,1.4616,0.0,0.0,0.0,NO,IS,0.0
2014-10-24,2014-10-14,GBP,LONG,0.024,1.4616,1.4616,1.4616,1.4616,0.0,0.0,0.0,NO,IS,0.0
2014-10-31,2014-10-21,GBP,LONG,0.048,1.4616,1.4616,1.4616,1.4616,0.0,0.0,0.0,NO,IS,0.0
2014-11-14,2014-11-04,GBP,LONG,0.091,1.4616,1.4616,1.4616,1.4616,0.0,0.0,0.0,NO,IS,0.0
2014-11-21,2014-11-11,GBP,LONG,0.111,1.4616,1.4616,1.4616,1.4616,0.0,0.0,0.0,NO,IS,0.0
2014-11-28,2014-11-18,GBP,LONG,0.022,1.4616,1.4616,1.4616,1.4616,0.0,0.0,0.0,NO,IS,0.0
2014-12-05,2014-11-25,GBP,LONG,0.021,1.4616,1.4616,1.4616,1.4616,0.0,0.0,0.0,NO,IS,0.0
2014-12-12,2014-12-02,GBP,LONG,0.021,1.4616,1.4616,1.4616,1.4616,0.0,0.0,0.0,NO,IS,0.0
2014-12-19,2014-12-09,GBP,LONG,0.061,1.4616,1.4616,1.4616,1.4616,0.0,0.0,0.0,NO,IS,0.0
2014-12-26,2014-12-16,GBP,LONG,0.1,1.4616,1.4616,1.4616,1.4616,0.0,0.0,0.0,NO,IS,0.0
2015-01-02,2014-12-23,GBP,LONG,0.059,1.4616,1.4616,1.4616,1.4616,0.0,0.0,0.0,NO,IS,0.0
2015-01-09,2014-12-30,GBP,LONG,0.038,1.4616,1.4616,1.4616,1.4616,0.0,0.0,0.0,NO,IS,0.0
2015-01-16,2015-01-06,GBP,LONG,0.019,1.4616,1.4616,1.4616,1.4616,0.0,0.0,0.0,NO,IS,0.0
2015-01-23,2015-01-13,GBP,LONG,0.019,1.4616,1.4616,1.4616,1.4616,0.0,0.0,0.0,NO,IS,0.0
2015-01-30,2015-01-20,GBP,LONG,0.038,1.4616,1.4616,1.4616,1.4616,0.0,0.0,0.0,NO,IS,0.0
2015-02-06,2015-01-27,GBP,LONG,0.019,1.4616,1.4616,1.4616,1.4616,0.0,0.0,0.0,NO,IS,0.0
2015-02-13,2015-02-03,GBP,LONG,0.096,1.4616,1.4616,1.4616,1.4616,0.0,0.0,0.0,NO,IS,0.0
2015-03-27,2015-03-17,GBP,LONG,0.019,1.4616,1.4616,1.4616,1.4616,0.0,0.0,0.0,NO,IS,0.0
2015-04-03,2015-03-24,GBP,LONG,0.096,1.4616,1.4616,1.4616,1.4616,0.0,0.0,0.0,NO,IS,0.0
2015-04-10,2015-03-31,GBP,LONG,0.135,1.4616,1.4616,1.4616,1.4616,0.0,0.0,0.0,NO,IS,0.0
2015-04-24,2015-04-14,GBP,LONG,0.038,1.4616,1.4616,1.4616,1.4616,0.0,0.0,0.0,NO,IS,0.0
2015-07-03,2015-06-23,GBP,SHORT,0.885,1.4616,1.4616,1.4616,1.4616,-0.0,-0.0,-0.0,NO,IS,0.0
2015-07-10,2015-06-30,GBP,SHORT,0.885,1.4616,1.4616,1.4616,1.4616,-0.0,-0.0,-0.0,NO,IS,0.0
2015-07-31,2015-07-21,GBP,SHORT,0.865,1.4616,1.4616,1.4616,1.4616,-0.0,-0.0,-0.0,NO,IS,0.0
2015-08-07,2015-07-28,GBP,SHORT,0.923,1.4616,1.4616,1.4616,1.4616,-0.0,-0.0,-0.0,NO,IS,0.0
2015-08-21,2015-08-11,GBP,SHORT,0.923,1.4616,1.4616,1.4616,1.4616,-0.0,-0.0,-0.0,NO,IS,0.0
2015-08-28,2015-08-18,GBP,SHORT,0.981,1.4616,1.4616,1.4616,1.4616,-0.0,-0.0,-0.0,NO,IS,0.0
2015-09-04,2015-08-25,GBP,SHORT,1.0,1.4616,1.4616,1.4616,1.4616,-0.0,-0.0,-0.0,NO,IS,0.0
2015-11-20,2015-11-10,GBP,LONG,0.058,1.4616,1.4616,1.4616,1.4616,0.0,0.0,0.0,NO,IS,0.0
2015-12-11,2015-12-01,GBP,LONG,0.096,1.4616,1.4616,1.4616,1.4405,0.0,0.0,-1.444,NO,IS,0.0
2015-12-18,2015-12-08,GBP,LONG,0.115,1.4616,1.4616,1.4616,1.4217,0.0,0.0,-2.73,NO,IS,0.0
2016-01-01,2015-12-22,GBP,LONG,0.019,1.4616,1.4405,1.4217,1.4599,-1.444,-2.73,-0.116,NO,IS,0.0
2016-01-08,2015-12-29,GBP,LONG,0.038,1.4405,1.4217,1.4364,1.4471,-1.305,-0.285,0.458,YES,IS,-1.444
2016-01-15,2016-01-05,GBP,LONG,0.019,1.4217,1.4364,1.4599,1.4317,1.034,2.687,0.703,YES,IS,-2.73
2016-01-22,2016-01-12,GBP,LONG,0.019,1.4364,1.4599,1.4471,1.3976,1.636,0.745,-2.701,NO,IS,-1.724
2016-01-29,2016-01-19,GBP,LONG,0.038,1.4599,1.4471,1.4317,1.4173,-0.877,-1.932,-2.918,NO,IS,-0.116
2016-02-05,2016-01-26,GBP,LONG,0.058,1.4471,1.4317,1.3976,1.4287,-1.064,-3.421,-1.272,NO,IS,0.458
2016-02-12,2016-02-02,GBP,LONG,0.038,1.4317,1.3976,1.4173,1.4483,-2.382,-1.006,1.159,YES,IS,0.703
2016-03-11,2016-03-01,GBP,LONG,0.135,1.4483,1.4154,1.4373,1.4154,-2.272,-0.76,-2.272,NO,IS,1.159
2016-03-18,2016-03-08,GBP,LONG,0.115,1.4154,1.4373,1.4063,1.4327,1.547,-0.643,1.222,YES,IS,1.274
2016-03-25,2016-03-15,GBP,LONG,0.077,1.4373,1.4063,1.4154,1.4611,-2.157,-1.524,1.656,YES,IS,1.411
2016-04-15,2016-04-05,GBP,LONG,0.115,1.4327,1.4611,1.4478,1.4618,1.982,1.054,2.031,YES,IS,1.222
2016-07-29,2016-07-19,GBP,LONG,0.077,1.3124,1.2976,1.3154,1.3274,-1.128,0.229,1.143,YES,IS,1.689
2016-08-05,2016-07-26,GBP,LONG,0.096,1.2976,1.3154,1.3175,1.3302,1.372,1.534,2.512,YES,IS,-2.714
2016-08-12,2016-08-02,GBP,LONG,0.135,1.3154,1.3175,1.3274,1.324,0.16,0.912,0.654,YES,IS,-0.439
2016-09-16,2016-09-06,GBP,SHORT,0.885,1.3093,1.2987,1.2617,1.2262,0.81,3.636,6.347,YES,IS,-0.622
2016-10-07,2016-09-27,GBP,SHORT,0.865,1.2269,1.2262,1.2186,1.2573,0.057,0.676,-2.478,NO,IS,-7.334
2016-10-14,2016-10-04,GBP,SHORT,0.942,1.2262,1.2186,1.2467,1.2421,0.62,-1.672,-1.297,NO,IS,-6.347
2016-10-21,2016-10-11,GBP,SHORT,0.962,1.2186,1.2467,1.2573,1.2444,-2.306,-3.176,-2.117,NO,IS,-6.168
2016-10-28,2016-10-18,GBP,SHORT,0.962,1.2467,1.2573,1.2421,1.2585,-0.85,0.369,-0.946,NO,IS,-1.189
2016-11-04,2016-10-25,GBP,SHORT,0.885,1.2573,1.2421,1.2444,1.259,1.209,1.026,-0.135,NO,IS,2.478
2016-11-11,2016-11-01,GBP,SHORT,0.942,1.2421,1.2444,1.2585,1.2438,-0.185,-1.32,-0.137,NO,IS,1.297
2016-11-18,2016-11-08,GBP,SHORT,0.962,1.2444,1.2585,1.259,1.2312,-1.133,-1.173,1.061,YES,IS,2.117
2016-11-25,2016-11-15,GBP,SHORT,0.904,1.2585,1.259,1.2438,1.2274,-0.04,1.168,2.471,YES,IS,0.946
2016-12-09,2016-11-29,GBP,SHORT,0.923,1.2438,1.2312,1.2274,1.2178,1.013,1.319,2.09,YES,IS,0.137
2016-12-16,2016-12-06,GBP,SHORT,0.923,1.2312,1.2274,1.2427,1.2349,0.309,-0.934,-0.301,NO,IS,-1.061
2016-12-23,2016-12-13,GBP,SHORT,0.962,1.2274,1.2427,1.2178,1.262,-1.247,0.782,-2.819,NO,IS,-2.471
2017-01-13,2017-01-03,GBP,SHORT,0.885,1.2349,1.262,1.2532,1.2501,-2.195,-1.482,-1.231,NO,IS,0.301
2017-01-20,2017-01-10,GBP,SHORT,0.904,1.262,1.2532,1.2502,1.2545,0.697,0.935,0.594,YES,IS,2.819
2017-01-27,2017-01-17,GBP,SHORT,0.962,1.2532,1.2502,1.2501,1.2263,0.239,0.247,2.147,YES,IS,0.845
2017-02-03,2017-01-24,GBP,SHORT,0.981,1.2502,1.2501,1.2545,1.2178,0.008,-0.344,2.592,YES,IS,2.661
2017-02-10,2017-01-31,GBP,SHORT,1.0,1.2501,1.2545,1.2263,1.2369,-0.352,1.904,1.056,YES,IS,1.231
2017-02-17,2017-02-07,GBP,SHORT,0.923,1.2545,1.2263,1.2178,1.2524,2.248,2.925,0.167,YES,IS,-0.594
2017-02-24,2017-02-14,GBP,SHORT,0.981,1.2263,1.2178,1.2369,1.2483,0.693,-0.864,-1.794,NO,IS,-2.147
2017-03-03,2017-02-21,GBP,SHORT,0.962,1.2178,1.2369,1.2524,1.2479,-1.568,-2.841,-2.472,NO,IS,-2.592
2017-03-10,2017-02-28,GBP,SHORT,0.942,1.2369,1.2524,1.2483,1.2517,-1.253,-0.922,-1.197,NO,IS,-1.056
2017-04-07,2017-03-28,GBP,SHORT,1.0,1.2517,1.2827,1.2912,1.2892,-2.477,-3.156,-2.996,NO,IS,1.197
2017-04-14,2017-04-04,GBP,SHORT,0.981,1.2827,1.2912,1.2924,1.2952,-0.663,-0.756,-0.975,NO,IS,2.419
2017-04-21,2017-04-11,GBP,SHORT,1.0,1.2912,1.2924,1.2892,1.2945,-0.093,0.155,-0.256,NO,IS,3.437
2017-04-28,2017-04-18,GBP,SHORT,1.0,1.2924,1.2892,1.2952,1.2882,0.248,-0.217,0.325,YES,IS,3.566
2017-05-05,2017-04-25,GBP,SHORT,1.0,1.2892,1.2952,1.2945,1.2948,-0.465,-0.411,-0.434,NO,IS,2.996
2017-05-12,2017-05-02,GBP,SHORT,1.0,1.2952,1.2945,1.2882,1.2763,0.054,0.54,1.459,YES,IS,0.975
2017-05-19,2017-05-09,GBP,SHORT,1.0,1.2945,1.2882,1.2948,1.268,0.487,-0.023,2.047,YES,IS,0.256
2017-05-26,2017-05-16,GBP,SHORT,0.962,1.2882,1.2948,1.2763,1.2998,-0.512,0.924,-0.9,NO,IS,-0.325
2017-06-02,2017-05-23,GBP,SHORT,0.962,1.2948,1.2763,1.268,1.2976,1.429,2.07,-0.216,NO,IS,0.434
2017-06-09,2017-05-30,GBP,SHORT,0.904,1.2763,1.268,1.2998,1.2947,0.65,-1.841,-1.442,NO,IS,-1.459
2017-06-16,2017-06-06,GBP,SHORT,0.904,1.268,1.2998,1.2976,1.2984,-2.508,-2.334,-2.397,NO,IS,-2.047
2017-06-23,2017-06-13,GBP,SHORT,0.865,1.2998,1.2976,1.2947,1.3081,0.169,0.392,-0.639,NO,IS,0.9
2017-07-07,2017-06-27,GBP,SHORT,0.865,1.2947,1.2984,1.3081,1.298,-0.286,-1.035,-0.255,NO,IS,1.442
2017-07-13,2017-07-03,GBP,SHORT,1.0,1.2984,1.3081,1.3138,1.2887,-0.747,-1.186,0.747,YES,IS,2.397
2017-07-21,2017-07-11,GBP,SHORT,0.923,1.3081,1.3138,1.298,1.2811,-0.436,0.772,2.064,YES,IS,0.639
2017-07-28,2017-07-18,GBP,SHORT,0.942,1.3138,1.298,1.2887,1.294,1.203,1.91,1.507,YES,IS,1.248
2017-08-04,2017-07-25,GBP,SHORT,1.0,1.298,1.2887,1.2811,1.3087,0.716,1.302,-0.824,NO,IS,0.255
2017-08-11,2017-08-01,GBP,SHORT,1.0,1.2887,1.2811,1.294,1.3399,0.59,-0.411,-3.973,NO,IS,-0.747
2017-08-18,2017-08-08,GBP,SHORT,0.962,1.2811,1.294,1.3087,1.3584,-1.007,-2.154,-6.034,NO,IS,-2.064
2017-09-22,2017-09-12,GBP,SHORT,0.865,1.3454,1.3115,1.3275,1.3163,2.52,1.33,2.163,YES,IS,3.972
2017-09-29,2017-09-19,GBP,SHORT,0.942,1.3115,1.3275,1.3166,1.3066,-1.22,-0.389,0.374,YES,IS,0.214
2017-10-06,2017-09-26,GBP,SHORT,1.0,1.3275,1.3166,1.3163,1.3158,0.821,0.844,0.881,YES,IS,-0.925
2017-10-13,2017-10-03,GBP,SHORT,1.0,1.3166,1.3163,1.3066,1.3194,0.023,0.76,-0.213,NO,IS,-3.077
2017-10-20,2017-10-10,GBP,SHORT,0.923,1.3163,1.3066,1.3158,1.333,0.737,0.038,-1.269,NO,IS,-2.163
2017-10-27,2017-10-17,GBP,SHORT,0.865,1.3066,1.3158,1.3194,1.353,-0.704,-0.98,-3.551,NO,IS,-0.374
2017-11-03,2017-10-24,GBP,SHORT,0.923,1.3158,1.3194,1.333,1.3471,-0.274,-1.307,-2.379,NO,IS,-0.881
2017-11-10,2017-10-31,GBP,SHORT,0.923,1.3194,1.333,1.353,1.3446,-1.031,-2.547,-1.91,NO,IS,0.213
2017-11-24,2017-11-14,GBP,SHORT,0.942,1.353,1.3471,1.3446,1.3452,0.436,0.621,0.577,YES,IS,3.551
2017-12-01,2017-11-21,GBP,SHORT,0.962,1.3471,1.3446,1.3408,1.3558,0.186,0.468,-0.646,NO,IS,2.379
2017-12-08,2017-11-28,GBP,SHORT,0.962,1.3446,1.3408,1.3452,1.3539,0.283,-0.045,-0.692,NO,IS,1.91
2017-12-15,2017-12-05,GBP,SHORT,0.981,1.3408,1.3452,1.3558,1.3908,-0.328,-1.119,-3.729,NO,IS,0.585
2017-12-22,2017-12-12,GBP,SHORT,0.904,1.3452,1.3558,1.3539,1.4132,-0.788,-0.647,-5.055,NO,IS,-0.577
2017-12-29,2017-12-19,GBP,SHORT,0.885,1.3558,1.3539,1.3908,1.4273,0.14,-2.581,-5.274,NO,IS,0.646
2018-01-05,2017-12-26,GBP,SHORT,0.942,1.3539,1.3908,1.4132,1.3926,-2.725,-4.38,-2.858,NO,IS,0.692
2018-01-12,2018-01-02,GBP,SHORT,1.0,1.3908,1.4132,1.4273,1.4092,-1.611,-2.624,-1.323,NO,IS,3.729
2018-01-19,2018-01-09,GBP,SHORT,1.0,1.4132,1.4273,1.3926,1.3969,-0.998,1.458,1.153,YES,IS,5.055
2018-01-26,2018-01-16,GBP,SHORT,0.981,1.4273,1.3926,1.4092,1.3776,2.431,1.268,3.482,YES,IS,5.274
2018-02-02,2018-01-23,GBP,SHORT,0.981,1.3926,1.4092,1.3969,1.3801,-1.192,-0.309,0.898,YES,IS,2.858
2018-02-09,2018-01-30,GBP,SHORT,1.0,1.4092,1.3969,1.3776,1.3933,0.873,2.242,1.128,YES,IS,1.323
2018-02-16,2018-02-06,GBP,SHORT,0.981,1.3969,1.3776,1.3801,1.4126,1.382,1.203,-1.124,NO,IS,-1.153
2018-02-23,2018-02-13,GBP,SHORT,0.942,1.3776,1.3801,1.3933,1.4022,-0.181,-1.14,-1.786,NO,IS,-3.482
2018-03-02,2018-02-20,GBP,SHORT,0.865,1.3801,1.3933,1.4126,1.4007,-0.956,-2.355,-1.493,NO,IS,-0.898
2018-04-20,2018-04-10,GBP,SHORT,0.885,1.3935,1.3575,1.3521,1.3397,2.583,2.971,3.861,YES,IS,-0.62
2018-04-27,2018-04-17,GBP,SHORT,0.942,1.3575,1.3521,1.3524,1.3299,0.398,0.376,2.033,YES,IS,-3.084
2018-06-08,2018-05-29,GBP,LONG,0.019,1.3283,1.327,1.3076,1.3211,-0.098,-1.558,-0.542,NO,IS,-1.782
2018-06-15,2018-06-05,GBP,LONG,0.019,1.327,1.3076,1.3217,1.3029,-1.462,-0.399,-1.816,NO,IS,-0.948
2018-06-22,2018-06-12,GBP,LONG,0.038,1.3076,1.3217,1.3211,1.3119,1.078,1.032,0.329,YES,IS,-1.677
2018-06-29,2018-06-19,GBP,LONG,0.019,1.3217,1.3211,1.3029,1.3029,-0.045,-1.422,-1.422,NO,IS,-1.593
2018-07-06,2018-06-26,GBP,LONG,0.019,1.3211,1.3029,1.3119,1.2848,-1.378,-0.696,-2.748,NO,IS,-0.542
2018-07-13,2018-07-03,GBP,LONG,0.019,1.3029,1.3119,1.3029,1.2723,0.691,0.0,-2.349,NO,IS,-1.816
2018-07-20,2018-07-10,GBP,LONG,0.038,1.3119,1.3029,1.2848,1.2825,-0.686,-2.066,-2.241,NO,IS,0.329
2018-07-27,2018-07-17,GBP,LONG,0.038,1.3029,1.2848,1.2723,1.3021,-1.389,-2.349,-0.061,NO,IS,-1.422
2018-08-03,2018-07-24,GBP,LONG,0.038,1.2848,1.2723,1.2825,1.2938,-0.973,-0.179,0.7,YES,IS,-2.748
2018-08-10,2018-07-31,GBP,LONG,0.135,1.2723,1.2825,1.3021,1.3113,0.802,2.342,3.065,YES,IS,-2.349
2018-08-17,2018-08-07,GBP,LONG,0.058,1.2825,1.3021,1.2938,1.3281,1.528,0.881,3.556,YES,IS,-2.241
2018-08-24,2018-08-14,GBP,LONG,0.019,1.3021,1.2938,1.3113,1.3097,-0.637,0.707,0.584,YES,IS,-0.061
2018-08-31,2018-08-21,GBP,LONG,0.019,1.2938,1.3113,1.3281,1.3029,1.353,2.651,0.703,YES,IS,0.7
2018-09-07,2018-08-28,GBP,LONG,0.077,1.3113,1.3281,1.3097,1.3236,1.281,-0.122,0.938,YES,IS,3.065
2018-09-14,2018-09-04,GBP,LONG,0.058,1.3281,1.3097,1.3029,1.3049,-1.385,-1.897,-1.747,NO,IS,3.556
2018-09-21,2018-09-11,GBP,LONG,0.058,1.3097,1.3029,1.3236,1.2839,-0.519,1.061,-1.97,NO,IS,0.584
2018-09-28,2018-09-18,GBP,LONG,0.038,1.3029,1.3236,1.3049,1.3026,1.589,0.154,-0.023,NO,IS,0.703
2018-10-05,2018-09-25,GBP,LONG,0.115,1.3236,1.3049,1.2839,1.3055,-1.413,-2.999,-1.367,NO,IS,0.938
2019-04-26,2019-04-16,GBP,SHORT,0.923,1.3033,1.3025,1.2811,1.2619,0.061,1.703,3.177,YES,IS,-0.268
2019-07-19,2019-07-09,GBP,LONG,0.096,1.2465,1.2158,1.2138,1.2269,-2.463,-2.623,-1.572,NO,IS,-1.634
2019-08-02,2019-07-23,GBP,LONG,0.077,1.2138,1.2111,1.2269,1.2326,-0.222,1.079,1.549,YES,IS,-3.113
2019-08-30,2019-08-20,GBP,LONG,0.058,1.2326,1.2349,1.2549,1.2356,0.187,1.809,0.243,YES,IS,1.549
2019-09-06,2019-08-27,GBP,LONG,0.019,1.2349,1.2549,1.2337,1.2445,1.62,-0.097,0.777,YES,IS,1.965
2019-09-13,2019-09-03,GBP,LONG,0.058,1.2549,1.2337,1.2356,1.2891,-1.689,-1.538,2.725,YES,IS,2.282
2019-10-18,2019-10-08,GBP,LONG,0.115,1.2876,1.2946,1.2825,1.2911,0.544,-0.396,0.272,YES,IS,4.369
2019-11-01,2019-10-22,GBP,SHORT,0.865,1.2825,1.2876,1.2911,1.3165,-0.398,-0.671,-2.651,NO,IS,3.053
2019-11-08,2019-10-29,GBP,SHORT,0.885,1.2876,1.2911,1.2922,1.3139,-0.272,-0.357,-2.043,NO,IS,-0.116
2019-11-15,2019-11-05,GBP,SHORT,0.923,1.2911,1.2922,1.3165,1.3028,-0.085,-1.967,-0.906,NO,IS,0.272
2019-11-22,2019-11-12,GBP,SHORT,0.942,1.2922,1.3165,1.3139,1.3019,-1.881,-1.679,-0.751,NO,IS,-0.185
2019-11-29,2019-11-19,GBP,SHORT,1.0,1.3165,1.3139,1.3028,1.3133,0.197,1.041,0.243,YES,IS,2.651
2019-12-06,2019-11-26,GBP,SHORT,0.885,1.3139,1.3028,1.3019,1.3058,0.845,0.913,0.616,YES,IS,2.043
2019-12-13,2019-12-03,GBP,SHORT,0.962,1.3028,1.3019,1.3133,1.3079,0.069,-0.806,-0.391,NO,IS,0.906
2019-12-20,2019-12-10,GBP,SHORT,1.0,1.3019,1.3133,1.3058,1.3127,-0.876,-0.3,-0.83,NO,IS,0.751
2019-12-27,2019-12-17,GBP,SHORT,0.981,1.3133,1.3058,1.3079,1.3089,0.571,0.411,0.335,YES,IS,-0.243
2020-01-03,2019-12-24,GBP,SHORT,1.0,1.3058,1.3079,1.3127,1.2927,-0.161,-0.528,1.003,YES,IS,-0.616
2020-01-10,2019-12-31,GBP,SHORT,0.981,1.3079,1.3127,1.3089,1.3054,-0.367,-0.076,0.191,YES,IS,0.391
2020-01-17,2020-01-07,GBP,SHORT,1.0,1.3127,1.3089,1.2927,1.2889,0.289,1.524,1.813,YES,IS,0.83
2020-01-24,2020-01-14,GBP,SHORT,0.904,1.3089,1.2927,1.3054,1.2898,1.238,0.267,1.459,YES,IS,-0.335
2020-01-31,2020-01-21,GBP,SHORT,0.942,1.2927,1.3054,1.2889,1.2948,-0.982,0.294,-0.162,NO,IS,-1.003
2020-02-14,2020-02-04,GBP,SHORT,0.865,1.2889,1.2898,1.2948,1.1544,-0.07,-0.458,10.435,YES,IS,-1.813
2020-02-21,2020-02-11,GBP,SHORT,0.865,1.2898,1.2948,1.2582,1.2156,-0.388,2.45,5.753,YES,IS,-1.459
2020-02-28,2020-02-18,GBP,SHORT,0.865,1.2948,1.2582,1.1544,1.2395,2.827,10.843,4.271,YES,IS,0.162
2020-03-20,2020-03-10,GBP,SHORT,0.865,1.2156,1.2395,1.2448,1.2355,-1.966,-2.402,-1.637,NO,IS,-5.753
2020-08-28,2020-08-18,GBP,SHORT,1.0,1.3272,1.2802,1.2963,1.2894,3.541,2.328,2.848,YES,IS,0.912
2020-09-04,2020-08-25,GBP,SHORT,0.942,1.2802,1.2963,1.2743,1.2932,-1.258,0.461,-1.015,NO,IS,-1.915
2020-09-11,2020-09-01,GBP,SHORT,1.0,1.2963,1.2743,1.2894,1.2901,1.697,0.532,0.478,YES,IS,-1.899
2020-09-25,2020-09-15,GBP,SHORT,0.865,1.2894,1.2932,1.2901,1.2927,-0.295,-0.054,-0.256,NO,IS,-2.848
2020-12-04,2020-11-24,GBP,SHORT,0.865,1.329,1.3585,1.3548,1.3572,-2.22,-1.941,-2.122,NO,IS,1.311
2020-12-11,2020-12-01,GBP,SHORT,0.865,1.3585,1.3548,1.3655,1.3683,0.272,-0.515,-0.721,NO,IS,2.474
2020-12-25,2020-12-15,GBP,SHORT,0.865,1.3655,1.3572,1.3683,1.3743,0.608,-0.205,-0.644,NO,IS,1.524
2021-01-08,2020-12-29,GBP,SHORT,0.904,1.3683,1.3725,1.3743,1.3805,-0.307,-0.439,-0.892,NO,IS,0.721
2021-01-15,2021-01-05,GBP,SHORT,0.962,1.3725,1.3743,1.3675,1.3976,-0.131,0.364,-1.829,NO,IS,1.306
2021-01-22,2021-01-12,GBP,SHORT,0.981,1.3743,1.3675,1.3805,1.4035,0.495,-0.451,-2.125,NO,IS,0.644
2021-01-29,2021-01-19,GBP,SHORT,0.942,1.3675,1.3805,1.3976,1.389,-0.951,-2.201,-1.572,NO,IS,0.759
2021-02-05,2021-01-26,GBP,SHORT,0.942,1.3805,1.3976,1.4035,1.3988,-1.239,-1.666,-1.326,NO,IS,0.892
2021-02-12,2021-02-02,GBP,SHORT,0.904,1.3976,1.4035,1.389,1.3931,-0.422,0.615,0.322,YES,IS,1.829
2021-02-19,2021-02-09,GBP,SHORT,1.0,1.4035,1.389,1.3988,1.3741,1.033,0.335,2.095,YES,IS,2.125
2021-02-26,2021-02-16,GBP,SHORT,1.0,1.389,1.3988,1.3931,1.3832,-0.706,-0.295,0.418,YES,IS,1.572
2021-03-05,2021-02-23,GBP,SHORT,0.942,1.3988,1.3931,1.3741,1.3737,0.407,1.766,1.794,YES,IS,1.326
2021-03-12,2021-03-02,GBP,SHORT,0.904,1.3931,1.3741,1.3832,1.3789,1.364,0.711,1.019,YES,IS,-0.322
2021-03-26,2021-03-16,GBP,SHORT,0.904,1.3832,1.3737,1.3789,1.395,0.687,0.311,-0.853,NO,IS,-0.418
2021-04-23,2021-04-13,GBP,SHORT,0.962,1.395,1.3887,1.4043,1.4212,0.452,-0.667,-1.878,NO,IS,0.853
2021-04-30,2021-04-20,GBP,SHORT,1.0,1.3887,1.4043,1.4187,1.4096,-1.123,-2.16,-1.505,NO,IS,1.092
2021-05-07,2021-04-27,GBP,SHORT,0.981,1.4043,1.4187,1.4212,1.417,-1.025,-1.203,-0.904,NO,IS,1.842
2021-05-14,2021-05-04,GBP,SHORT,0.981,1.4187,1.4212,1.4096,1.3924,-0.176,0.641,1.854,YES,IS,2.515
2021-05-21,2021-05-11,GBP,SHORT,1.0,1.4212,1.4096,1.417,1.3929,0.816,0.296,1.991,YES,IS,1.878
2021-05-28,2021-05-18,GBP,SHORT,0.981,1.4096,1.417,1.3924,1.3755,-0.525,1.22,2.419,YES,IS,1.505
2021-06-04,2021-05-25,GBP,SHORT,0.942,1.417,1.3924,1.3929,1.3775,1.736,1.701,2.788,YES,IS,0.904
2021-06-11,2021-06-01,GBP,SHORT,0.923,1.3924,1.3929,1.3755,1.381,-0.036,1.214,0.819,YES,IS,-1.854
2021-06-18,2021-06-08,GBP,SHORT,0.865,1.3929,1.3755,1.3775,1.3776,1.249,1.106,1.098,YES,IS,-1.991
2021-06-25,2021-06-15,GBP,SHORT,0.865,1.3755,1.3775,1.381,1.3972,-0.145,-0.4,-1.578,NO,IS,-2.419
2021-08-06,2021-07-27,GBP,LONG,0.058,1.3801,1.3639,1.3695,1.3838,-1.174,-0.768,0.268,YES,IS,-0.065
2021-08-27,2021-08-17,GBP,LONG,0.135,1.3839,1.3838,1.3791,1.3475,-0.007,-0.347,-2.63,NO,IS,-0.682
2021-09-03,2021-08-24,GBP,LONG,0.019,1.3838,1.3791,1.3733,1.362,-0.34,-0.759,-1.575,NO,IS,0.268
2021-10-01,2021-09-21,GBP,LONG,0.115,1.362,1.3685,1.3784,1.3495,0.477,1.204,-0.918,NO,IS,-1.575
2021-10-08,2021-09-28,GBP,LONG,0.019,1.3685,1.3784,1.379,1.3365,0.723,0.767,-2.338,NO,IS,-0.769
2021-10-15,2021-10-05,GBP,LONG,0.019,1.3784,1.379,1.3495,1.3498,0.044,-2.097,-2.075,NO,IS,0.371
2021-10-22,2021-10-12,GBP,LONG,0.019,1.379,1.3495,1.3365,1.3325,-2.139,-3.082,-3.372,NO,IS,2.338
2021-11-05,2021-10-26,GBP,LONG,0.135,1.3365,1.3498,1.3325,1.3209,0.995,-0.299,-1.167,NO,IS,-2.338
2021-11-12,2021-11-02,GBP,LONG,0.077,1.3498,1.3325,1.3298,1.3315,-1.282,-1.482,-1.356,NO,IS,-2.075
2021-11-19,2021-11-09,GBP,LONG,0.058,1.3325,1.3298,1.3209,1.342,-0.203,-0.871,0.713,YES,IS,-3.372
2021-11-26,2021-11-16,GBP,LONG,0.019,1.3298,1.3209,1.3315,1.3509,-0.669,0.128,1.587,YES,IS,-1.46
2021-12-03,2021-11-23,GBP,LONG,0.019,1.3209,1.3315,1.342,1.3525,0.802,1.597,2.392,YES,IS,-1.167
2021-12-10,2021-11-30,GBP,LONG,0.019,1.3315,1.342,1.3509,1.372,0.789,1.457,3.042,YES,IS,-1.356
2021-12-17,2021-12-07,GBP,LONG,0.019,1.342,1.3509,1.3525,1.3611,0.663,0.782,1.423,YES,IS,0.713
2021-12-24,2021-12-14,GBP,LONG,0.019,1.3509,1.3525,1.372,1.3372,0.118,1.562,-1.014,NO,IS,1.587
2021-12-31,2021-12-21,GBP,LONG,0.077,1.3525,1.372,1.3611,1.3587,1.442,0.636,0.458,YES,IS,2.392
2022-01-07,2021-12-28,GBP,LONG,0.135,1.372,1.3611,1.3372,1.3574,-0.794,-2.536,-1.064,NO,IS,3.042
2022-01-14,2022-01-04,GBP,LONG,0.115,1.3611,1.3372,1.3587,1.362,-1.756,-0.176,0.066,YES,IS,1.423
2022-03-11,2022-03-01,GBP,LONG,0.077,1.3152,1.3181,1.3133,1.3076,0.22,-0.144,-0.578,NO,IS,-3.436
2022-03-18,2022-03-08,GBP,LONG,0.115,1.3181,1.3133,1.3073,1.3026,-0.364,-0.819,-1.176,NO,IS,-1.509
2022-04-01,2022-03-22,GBP,LONG,0.115,1.3073,1.3076,1.3026,1.235,0.023,-0.36,-5.53,NO,IS,-0.183
2022-04-15,2022-04-05,GBP,LONG,0.058,1.3026,1.2462,1.235,1.2499,-4.33,-5.19,-4.046,NO,IS,-1.176
2022-04-22,2022-04-12,GBP,LONG,0.038,1.2462,1.235,1.2175,1.2595,-0.899,-2.303,1.067,YES,IS,-5.109
2022-04-29,2022-04-19,GBP,LONG,0.115,1.235,1.2175,1.2499,1.2567,-1.417,1.206,1.757,YES,IS,-5.53
2022-05-06,2022-04-26,GBP,LONG,0.038,1.2175,1.2499,1.2595,1.2507,2.661,3.45,2.727,YES,IS,-6.89
2022-05-13,2022-05-03,GBP,LONG,0.115,1.2499,1.2595,1.2567,1.2362,0.768,0.544,-1.096,NO,IS,-4.046
2022-05-20,2022-05-10,GBP,LONG,0.115,1.2595,1.2567,1.2507,1.2256,-0.222,-0.699,-2.692,NO,IS,1.067
2022-06-03,2022-05-24,GBP,LONG,0.077,1.2507,1.2362,1.2256,1.2015,-1.159,-2.007,-3.934,NO,IS,2.727
2022-07-08,2022-06-28,GBP,LONG,0.077,1.1833,1.1971,1.2155,1.2201,1.166,2.721,3.11,YES,IS,-4.279
2022-07-15,2022-07-05,GBP,LONG,0.019,1.1971,1.2155,1.2178,1.1937,1.537,1.729,-0.284,NO,IS,-2.325
2022-08-05,2022-07-26,GBP,LONG,0.115,1.2201,1.1937,1.1831,1.1499,-2.164,-3.033,-5.754,NO,OOS,3.11
2022-08-19,2022-08-09,GBP,LONG,0.096,1.1831,1.154,1.1499,1.1257,-2.46,-2.806,-4.852,NO,OOS,-2.666
2022-09-02,2022-08-23,GBP,LONG,0.019,1.1499,1.1467,1.1257,1.1152,-0.278,-2.105,-3.018,NO,OOS,-5.754
2022-09-09,2022-08-30,GBP,LONG,0.019,1.1467,1.1257,1.106,1.1321,-1.831,-3.549,-1.273,NO,OOS,-3.937
2022-09-16,2022-09-06,GBP,LONG,0.096,1.1257,1.106,1.1152,1.1225,-1.75,-0.933,-0.284,NO,OOS,-4.852
2022-09-23,2022-09-13,GBP,LONG,0.115,1.106,1.1152,1.1321,1.1566,0.832,2.36,4.575,YES,OOS,-4.159
2022-09-30,2022-09-20,GBP,LONG,0.135,1.1152,1.1321,1.1225,1.1167,1.515,0.655,0.135,YES,OOS,-3.018
2022-10-07,2022-09-27,GBP,LONG,0.135,1.1321,1.1225,1.1566,1.1698,-0.848,2.164,3.33,YES,OOS,-1.273
2022-10-14,2022-10-04,GBP,LONG,0.019,1.1225,1.1566,1.1167,1.186,3.038,-0.517,5.657,YES,OOS,-0.284
2022-10-21,2022-10-11,GBP,LONG,0.038,1.1566,1.1167,1.1698,1.2074,-3.45,1.141,4.392,YES,OOS,4.575
2022-10-28,2022-10-18,GBP,LONG,0.058,1.1167,1.1698,1.186,1.2264,4.755,6.206,9.824,YES,OOS,0.135
2022-11-11,2022-11-01,GBP,LONG,0.135,1.186,1.2074,1.2264,1.2191,1.804,3.406,2.791,YES,OOS,5.657
2022-12-23,2022-12-13,GBP,SHORT,0.904,1.2079,1.1921,1.2224,1.2412,1.308,-1.2,-2.757,NO,OOS,-1.508
2022-12-30,2022-12-20,GBP,SHORT,0.885,1.1921,1.2224,1.24,1.2233,-2.542,-4.018,-2.617,NO,OOS,-2.662
2023-01-20,2023-01-10,GBP,SHORT,0.885,1.2412,1.2233,1.212,1.202,1.442,2.353,3.158,YES,OOS,2.757
2023-01-27,2023-01-17,GBP,SHORT,0.885,1.2233,1.212,1.2017,1.1945,0.924,1.766,2.354,YES,OOS,2.617
2023-02-03,2023-01-24,GBP,SHORT,0.981,1.212,1.2017,1.202,1.1911,0.85,0.825,1.724,YES,OOS,-0.851
2023-03-24,2023-03-14,GBP,SHORT,0.885,1.2398,1.2457,1.2527,1.2499,-0.476,-1.04,-0.815,NO,OOS,3.792
2023-03-31,2023-03-21,GBP,SHORT,0.981,1.2457,1.2527,1.2447,1.2582,-0.562,0.08,-1.003,NO,OOS,4.584
2023-04-07,2023-03-28,GBP,SHORT,1.0,1.2527,1.2447,1.2499,1.2512,0.639,0.224,0.12,YES,OOS,3.264
2023-04-14,2023-04-04,GBP,SHORT,1.0,1.2447,1.2499,1.2582,1.2411,-0.418,-1.085,0.289,YES,OOS,1.327
2023-04-21,2023-04-11,GBP,SHORT,1.0,1.2499,1.2582,1.2512,1.2323,-0.664,-0.104,1.408,YES,OOS,0.815
2023-04-28,2023-04-18,GBP,SHORT,0.981,1.2582,1.2512,1.2411,1.2531,0.556,1.359,0.405,YES,OOS,1.003
2023-05-05,2023-04-25,GBP,SHORT,0.942,1.2512,1.2411,1.2323,1.2559,0.807,1.511,-0.376,NO,OOS,-0.12
2023-05-12,2023-05-02,GBP,SHORT,0.923,1.2411,1.2323,1.2531,1.2783,0.709,-0.967,-2.997,NO,OOS,-0.289
2023-05-19,2023-05-09,GBP,SHORT,0.981,1.2323,1.2531,1.2559,1.2748,-1.688,-1.915,-3.449,NO,OOS,-1.408
2023-05-26,2023-05-16,GBP,SHORT,0.923,1.2531,1.2559,1.2783,1.2615,-0.223,-2.011,-0.67,NO,OOS,-0.405
2023-06-02,2023-05-23,GBP,SHORT,0.904,1.2559,1.2783,1.2748,1.2741,-1.784,-1.505,-1.449,NO,OOS,0.376
2023-06-23,2023-06-13,GBP,SHORT,1.0,1.2615,1.2741,1.3132,1.2802,-0.999,-4.098,-1.482,NO,OOS,0.67
2023-06-30,2023-06-20,GBP,SHORT,1.0,1.2741,1.3132,1.2859,1.27,-3.069,-0.926,0.322,YES,OOS,1.449
2023-07-07,2023-06-27,GBP,SHORT,1.0,1.3132,1.2859,1.2802,1.2692,2.079,2.513,3.351,YES,OOS,2.73
2023-07-13,2023-07-03,GBP,SHORT,0.981,1.2859,1.2802,1.27,1.273,0.443,1.236,1.003,YES,OOS,0.871
2023-07-21,2023-07-11,GBP,SHORT,0.981,1.2802,1.27,1.2692,1.2609,0.797,0.859,1.508,YES,OOS,1.482
2023-07-28,2023-07-18,GBP,SHORT,1.0,1.27,1.2692,1.273,1.2665,0.063,-0.236,0.276,YES,OOS,-0.322
2023-08-04,2023-07-25,GBP,SHORT,1.0,1.2692,1.273,1.2609,1.2471,-0.299,0.654,1.741,YES,OOS,-3.351
2023-08-11,2023-08-01,GBP,SHORT,0.962,1.273,1.2609,1.2665,1.2402,0.951,0.511,2.577,YES,OOS,-1.003
2024-04-26,2024-04-16,GBP,LONG,0.058,1.254,1.2524,1.2678,1.2739,-0.128,1.1,1.587,YES,OOS,-0.877
2024-05-03,2024-04-23,GBP,LONG,0.019,1.2524,1.2678,1.2688,1.2796,1.23,1.309,2.172,YES,OOS,-0.231
2024-05-10,2024-04-30,GBP,LONG,0.038,1.2678,1.2688,1.2739,1.2765,0.079,0.481,0.686,YES,OOS,1.946
2024-05-17,2024-05-07,GBP,LONG,0.135,1.2688,1.2739,1.2796,1.2672,0.402,0.851,-0.126,NO,OOS,1.415
2024-07-19,2024-07-09,GBP,SHORT,0.923,1.2862,1.273,1.2752,1.3096,1.026,0.855,-1.819,NO,OOS,1.708
2024-07-26,2024-07-16,GBP,SHORT,0.962,1.273,1.2752,1.2863,1.3173,-0.173,-1.045,-3.48,NO,OOS,-0.055
2024-08-02,2024-07-23,GBP,SHORT,0.962,1.2752,1.2863,1.3096,1.3173,-0.87,-2.698,-3.301,NO,OOS,-1.254
2024-08-09,2024-07-30,GBP,SHORT,0.962,1.2863,1.3096,1.3173,1.3103,-1.811,-2.41,-1.866,NO,OOS,-0.679
2024-08-23,2024-08-13,GBP,SHORT,0.942,1.3173,1.3173,1.3103,1.3419,-0.0,0.531,-1.867,NO,OOS,3.48
2024-08-30,2024-08-20,GBP,SHORT,0.981,1.3173,1.3103,1.3283,1.3114,0.531,-0.835,0.448,YES,OOS,3.301
2024-09-06,2024-08-27,GBP,SHORT,0.981,1.3103,1.3283,1.3419,1.3047,-1.374,-2.412,0.427,YES,OOS,1.866
2024-09-13,2024-09-03,GBP,SHORT,0.962,1.3283,1.3419,1.3114,1.3008,-1.024,1.272,2.07,YES,OOS,1.428
2024-09-20,2024-09-10,GBP,SHORT,1.0,1.3419,1.3114,1.3047,1.2972,2.273,2.772,3.331,YES,OOS,1.867
2024-09-27,2024-09-17,GBP,SHORT,0.981,1.3114,1.3047,1.3008,1.2882,0.511,0.808,1.769,YES,OOS,-0.448
2024-10-04,2024-09-24,GBP,SHORT,1.0,1.3047,1.3008,1.2972,1.2966,0.299,0.575,0.621,YES,OOS,-0.427
2024-10-11,2024-10-01,GBP,SHORT,1.0,1.3008,1.2972,1.2882,1.2688,0.277,0.969,2.46,YES,OOS,-2.07
2024-10-18,2024-10-08,GBP,SHORT,0.885,1.2972,1.2882,1.2966,1.26,0.694,0.046,2.868,YES,OOS,-3.331
2024-10-25,2024-10-15,GBP,SHORT,0.865,1.2882,1.2966,1.2688,1.2687,-0.652,1.506,1.514,YES,OOS,-1.769
2024-12-06,2024-11-26,GBP,LONG,0.096,1.267,1.2502,1.2524,1.2309,-1.326,-1.152,-2.849,NO,OOS,-0.142
2024-12-13,2024-12-03,GBP,LONG,0.096,1.2502,1.2524,1.2366,1.2233,0.176,-1.088,-2.152,NO,OOS,-0.778
2025-01-17,2025-01-07,GBP,LONG,0.135,1.2358,1.2459,1.2437,1.2669,0.817,0.639,2.517,YES,HOLDOUT,-1.325
2025-01-24,2025-01-14,GBP,LONG,0.019,1.2459,1.2437,1.2538,1.2608,-0.177,0.634,1.196,YES,HOLDOUT,0.752
2025-01-31,2025-01-21,GBP,LONG,0.019,1.2437,1.2538,1.2669,1.2895,0.812,1.865,3.683,YES,HOLDOUT,1.04
2025-02-07,2025-01-28,GBP,LONG,0.038,1.2538,1.2669,1.2608,1.2951,1.045,0.558,3.294,YES,HOLDOUT,2.493
2025-02-14,2025-02-04,GBP,LONG,0.115,1.2669,1.2608,1.2895,1.296,-0.481,1.784,2.297,YES,HOLDOUT,2.517
2025-02-21,2025-02-11,GBP,LONG,0.135,1.2608,1.2895,1.2951,1.2948,2.276,2.72,2.697,YES,HOLDOUT,1.196
2025-06-13,2025-06-03,GBP,SHORT,0.865,1.3417,1.3749,1.3641,1.3412,-2.474,-1.67,0.037,YES,HOLDOUT,-0.06
2025-09-26,2025-09-16,GBP,SHORT,0.885,1.3449,1.3281,1.3436,1.3146,1.249,0.097,2.253,YES,HOLDOUT,0.156
2025-11-14,2025-11-04,GBP,LONG,0.115,1.3086,1.3241,1.334,1.3386,1.184,1.941,2.293,YES,HOLDOUT,-1.779
2025-11-20,2025-11-10,GBP,LONG,0.135,1.3241,1.334,1.339,1.3499,0.748,1.125,1.948,YES,HOLDOUT,0.723
2025-11-28,2025-11-18,GBP,LONG,0.077,1.334,1.339,1.3386,1.346,0.375,0.345,0.9,YES,HOLDOUT,1.592
2026-02-06,2026-01-27,GBP,SHORT,0.923,1.3623,1.345,1.3487,1.3342,1.27,0.998,2.063,YES,HOLDOUT,1.778
2026-02-20,2026-02-10,GBP,SHORT,0.904,1.3487,1.3319,1.3342,1.3328,1.246,1.075,1.179,YES,HOLDOUT,-2.233
2014-07-11,2014-07-01,JPY,SHORT,0.962,0.00852,0.00852,0.00852,0.00852,-0.0,-0.0,-0.0,NO,IS,0.0
2014-07-18,2014-07-08,JPY,SHORT,0.926,0.00852,0.00852,0.00852,0.00852,-0.0,-0.0,-0.0,NO,IS,0.0
2014-07-25,2014-07-15,JPY,SHORT,0.893,0.00852,0.00852,0.00852,0.00852,-0.0,-0.0,-0.0,NO,IS,0.0
2014-08-01,2014-07-22,JPY,SHORT,0.862,0.00852,0.00852,0.00852,0.00852,-0.0,-0.0,-0.0,NO,IS,0.0
2014-08-15,2014-08-05,JPY,LONG,0.065,0.00852,0.00852,0.00852,0.00852,0.0,0.0,0.0,NO,IS,0.0
2014-08-29,2014-08-19,JPY,LONG,0.061,0.00852,0.00852,0.00852,0.00852,0.0,0.0,0.0,NO,IS,0.0
2014-09-05,2014-08-26,JPY,LONG,0.029,0.00852,0.00852,0.00852,0.00852,0.0,0.0,0.0,NO,IS,0.0
2014-09-12,2014-09-02,JPY,LONG,0.057,0.00852,0.00852,0.00852,0.00852,0.0,0.0,0.0,NO,IS,0.0
2014-09-19,2014-09-09,JPY,LONG,0.028,0.00852,0.00852,0.00852,0.00852,0.0,0.0,0.0,NO,IS,0.0
2014-09-26,2014-09-16,JPY,LONG,0.027,0.00852,0.00852,0.00852,0.00852,0.0,0.0,0.0,NO,IS,0.0
2014-10-03,2014-09-23,JPY,LONG,0.132,0.00852,0.00852,0.00852,0.00852,0.0,0.0,0.0,NO,IS,0.0
2014-10-10,2014-09-30,JPY,LONG,0.128,0.00852,0.00852,0.00852,0.00852,0.0,0.0,0.0,NO,IS,0.0
2014-11-14,2014-11-04,JPY,LONG,0.114,0.00852,0.00852,0.00852,0.00852,0.0,0.0,0.0,NO,IS,0.0
2014-11-21,2014-11-11,JPY,LONG,0.133,0.00852,0.00852,0.00852,0.00852,0.0,0.0,0.0,NO,IS,0.0
2014-12-05,2014-11-25,JPY,LONG,0.128,0.00852,0.00852,0.00852,0.00852,0.0,0.0,0.0,NO,IS,0.0
2014-12-12,2014-12-02,JPY,LONG,0.104,0.00852,0.00852,0.00852,0.00852,0.0,0.0,0.0,NO,IS,0.0
2014-12-26,2014-12-16,JPY,LONG,0.14,0.00852,0.00852,0.00852,0.00852,0.0,0.0,0.0,NO,IS,0.0
2015-01-02,2014-12-23,JPY,LONG,0.137,0.00852,0.00852,0.00852,0.00852,0.0,0.0,0.0,NO,IS,0.0
2015-02-20,2015-02-10,JPY,LONG,0.096,0.00852,0.00852,0.00852,0.00852,0.0,0.0,0.0,NO,IS,0.0
2015-03-20,2015-03-10,JPY,LONG,0.019,0.00852,0.00852,0.00852,0.00852,0.0,0.0,0.0,NO,IS,0.0
2015-03-27,2015-03-17,JPY,LONG,0.038,0.00852,0.00852,0.00852,0.00852,0.0,0.0,0.0,NO,IS,0.0
2015-05-29,2015-05-19,JPY,LONG,0.058,0.00852,0.00852,0.00852,0.00852,0.0,0.0,0.0,NO,IS,0.0
2015-06-05,2015-05-26,JPY,LONG,0.019,0.00852,0.00852,0.00852,0.00852,0.0,0.0,0.0,NO,IS,0.0
2015-06-12,2015-06-02,JPY,LONG,0.038,0.00852,0.00852,0.00852,0.00852,0.0,0.0,0.0,NO,IS,0.0
2015-06-19,2015-06-09,JPY,LONG,0.019,0.00852,0.00852,0.00852,0.00852,0.0,0.0,0.0,NO,IS,0.0
2015-06-26,2015-06-16,JPY,LONG,0.096,0.00852,0.00852,0.00852,0.00852,0.0,0.0,0.0,NO,IS,0.0
2015-08-07,2015-07-28,JPY,SHORT,0.865,0.00852,0.00852,0.00852,0.00852,-0.0,-0.0,-0.0,NO,IS,0.0
2015-08-28,2015-08-18,JPY,SHORT,0.942,0.00852,0.00852,0.00852,0.00852,-0.0,-0.0,-0.0,NO,IS,0.0
2015-09-04,2015-08-25,JPY,SHORT,1.0,0.00852,0.00852,0.00852,0.00852,-0.0,-0.0,-0.0,NO,IS,0.0
2015-09-11,2015-09-01,JPY,SHORT,1.0,0.00852,0.00852,0.00852,0.00852,-0.0,-0.0,-0.0,NO,IS,0.0
2015-09-18,2015-09-08,JPY,SHORT,0.981,0.00852,0.00852,0.00852,0.00852,-0.0,-0.0,-0.0,NO,IS,0.0
2015-09-25,2015-09-15,JPY,SHORT,1.0,0.00852,0.00852,0.00852,0.00852,-0.0,-0.0,-0.0,NO,IS,0.0
2015-10-02,2015-09-22,JPY,SHORT,1.0,0.00852,0.00852,0.00852,0.00852,-0.0,-0.0,-0.0,NO,IS,0.0
2015-10-09,2015-09-29,JPY,SHORT,0.981,0.00852,0.00852,0.00852,0.00852,-0.0,-0.0,-0.0,NO,IS,0.0
2015-10-16,2015-10-06,JPY,SHORT,0.923,0.00852,0.00852,0.00852,0.00852,-0.0,-0.0,-0.0,NO,IS,0.0
2015-10-23,2015-10-13,JPY,SHORT,0.981,0.00852,0.00852,0.00852,0.00852,-0.0,-0.0,-0.0,NO,IS,0.0
2015-10-30,2015-10-20,JPY,SHORT,0.962,0.00852,0.00852,0.00852,0.00852,-0.0,-0.0,-0.0,NO,IS,0.0
2016-01-15,2016-01-05,JPY,SHORT,0.962,0.00852,0.00843,0.00857,0.00881,1.103,-0.646,-3.428,NO,IS,-0.059
2016-01-22,2016-01-12,JPY,SHORT,1.0,0.00843,0.00857,0.00891,0.00887,-1.769,-5.697,-5.27,NO,IS,-1.161
2016-01-29,2016-01-19,JPY,SHORT,1.0,0.00857,0.00891,0.00881,0.00881,-3.861,-2.764,-2.718,NO,IS,0.587
2016-02-05,2016-01-26,JPY,SHORT,1.0,0.00891,0.00881,0.00887,0.00884,1.056,0.404,0.685,YES,IS,5.099
2016-02-12,2016-02-02,JPY,SHORT,0.865,0.00881,0.00887,0.00881,0.009,-0.658,0.045,-2.088,NO,IS,3.428
2016-02-19,2016-02-09,JPY,SHORT,0.942,0.00887,0.00881,0.00884,0.0089,0.699,0.282,-0.304,NO,IS,5.27
2016-02-26,2016-02-16,JPY,SHORT,0.981,0.00881,0.00884,0.009,0.0089,-0.42,-2.135,-1.101,NO,IS,2.718
2016-03-04,2016-02-23,JPY,SHORT,0.981,0.00884,0.009,0.0089,0.00925,-1.707,-0.588,-4.636,NO,IS,-0.685
2016-03-11,2016-03-01,JPY,SHORT,0.923,0.009,0.0089,0.0089,0.00917,1.101,1.012,-1.89,NO,IS,2.088
2016-03-18,2016-03-08,JPY,SHORT,0.923,0.0089,0.0089,0.00925,0.00914,-0.09,-4.024,-2.777,NO,IS,0.304
2016-03-25,2016-03-15,JPY,SHORT,0.923,0.0089,0.00925,0.00917,0.00926,-3.931,-2.931,-4.009,NO,IS,1.101
2016-04-01,2016-03-22,JPY,SHORT,0.962,0.00925,0.00917,0.00914,0.00933,0.962,1.199,-0.843,NO,IS,4.636
2016-04-08,2016-03-29,JPY,SHORT,1.0,0.00917,0.00914,0.00926,0.00917,0.24,-1.047,-0.055,NO,IS,1.89
2016-04-15,2016-04-05,JPY,SHORT,1.0,0.00914,0.00926,0.00933,0.0091,-1.291,-2.067,0.437,YES,IS,2.777
2016-04-22,2016-04-12,JPY,SHORT,0.942,0.00926,0.00933,0.00917,0.00912,-0.767,0.983,1.555,YES,IS,4.009
2016-04-29,2016-04-19,JPY,SHORT,0.962,0.00933,0.00917,0.0091,0.00919,1.736,2.454,1.575,YES,IS,0.843
2016-05-13,2016-05-03,JPY,SHORT,0.865,0.0091,0.00912,0.00919,0.00962,-0.154,-0.901,-5.679,NO,IS,-0.437
2016-05-20,2016-05-10,JPY,SHORT,0.885,0.00912,0.00919,0.00936,0.00948,-0.746,-2.643,-4.004,NO,IS,-1.555
2016-07-01,2016-06-21,JPY,SHORT,0.865,0.00995,0.0095,0.00946,0.0099,4.454,4.846,0.473,YES,IS,6.294
2016-12-02,2016-11-22,JPY,LONG,0.077,0.00877,0.00848,0.00853,0.00867,-3.306,-2.691,-1.117,NO,IS,-6.423
2016-12-09,2016-11-29,JPY,LONG,0.038,0.00848,0.00853,0.0086,0.00874,0.637,1.415,3.019,YES,IS,-6.884
2016-12-16,2016-12-06,JPY,LONG,0.038,0.00853,0.0086,0.00867,0.00873,0.773,1.617,2.238,YES,IS,-3.982
2016-12-23,2016-12-13,JPY,LONG,0.019,0.0086,0.00867,0.00874,0.00876,0.837,1.581,1.837,YES,IS,-1.972
2016-12-30,2016-12-20,JPY,LONG,0.058,0.00867,0.00874,0.00873,0.00888,0.738,0.611,2.398,YES,IS,-1.117
2017-01-06,2016-12-27,JPY,LONG,0.019,0.00874,0.00873,0.00876,0.00883,-0.126,0.252,1.11,YES,IS,3.019
2017-01-13,2017-01-03,JPY,LONG,0.019,0.00873,0.00876,0.00888,0.00885,0.378,1.776,1.375,YES,IS,2.238
2017-01-20,2017-01-10,JPY,LONG,0.019,0.00876,0.00888,0.00883,0.00887,1.393,0.856,1.302,YES,IS,1.837
2017-01-27,2017-01-17,JPY,LONG,0.019,0.00888,0.00883,0.00885,0.00873,-0.529,-0.394,-1.655,NO,IS,2.398
2017-02-03,2017-01-24,JPY,LONG,0.038,0.00883,0.00885,0.00887,0.00871,0.136,0.441,-1.438,NO,IS,1.11
2017-02-17,2017-02-07,JPY,LONG,0.135,0.00887,0.00873,0.00871,0.00901,-1.567,-1.871,1.578,YES,IS,1.302
2017-02-24,2017-02-14,JPY,LONG,0.115,0.00873,0.00871,0.00884,0.00896,-0.309,1.248,2.645,YES,IS,-1.655
2017-03-17,2017-03-07,JPY,LONG,0.019,0.00901,0.00896,0.00903,0.00916,-0.533,0.222,1.587,YES,IS,1.578
2017-03-24,2017-03-14,JPY,LONG,0.077,0.00896,0.00903,0.00917,0.009,0.759,2.264,0.346,YES,IS,2.645
2017-09-08,2017-08-29,JPY,SHORT,0.923,0.00905,0.00889,0.0089,0.00891,1.702,1.592,1.481,YES,IS,-0.909
2017-09-15,2017-09-05,JPY,SHORT,1.0,0.00889,0.0089,0.00886,0.00888,-0.112,0.315,0.079,YES,IS,-2.724
2017-11-03,2017-10-24,JPY,LONG,0.038,0.00883,0.00886,0.009,0.00884,0.294,1.924,0.091,YES,IS,-0.864
2017-11-10,2017-10-31,JPY,LONG,0.058,0.00886,0.009,0.00889,0.00891,1.625,0.35,0.609,YES,IS,-0.27
2018-01-26,2018-01-16,JPY,SHORT,1.0,0.00915,0.00919,0.00941,0.00942,-0.459,-2.886,-2.973,NO,IS,3.111
2018-02-02,2018-01-23,JPY,SHORT,0.981,0.00919,0.00941,0.00939,0.00942,-2.416,-2.176,-2.481,NO,IS,2.066
2018-02-09,2018-01-30,JPY,SHORT,1.0,0.00941,0.00939,0.00942,0.00941,0.234,-0.085,-0.011,NO,IS,4.3
2018-02-16,2018-02-06,JPY,SHORT,0.981,0.00939,0.00942,0.00942,0.00949,-0.319,-0.298,-1.022,NO,IS,2.612
2018-02-23,2018-02-13,JPY,SHORT,1.0,0.00942,0.00942,0.00941,0.00941,0.021,0.074,0.149,YES,IS,2.973
2018-03-02,2018-02-20,JPY,SHORT,1.0,0.00942,0.00941,0.00949,0.00931,0.053,-0.722,1.115,YES,IS,2.481
2018-03-09,2018-02-27,JPY,SHORT,0.962,0.00941,0.00949,0.00941,0.00933,-0.776,0.074,0.892,YES,IS,0.011
2018-03-16,2018-03-06,JPY,SHORT,0.981,0.00949,0.00941,0.00931,0.00932,0.843,1.824,1.708,YES,IS,1.022
2018-03-23,2018-03-13,JPY,SHORT,0.962,0.00941,0.00931,0.00933,0.00915,0.989,0.819,2.679,YES,IS,-0.149
2018-03-30,2018-03-20,JPY,SHORT,0.904,0.00931,0.00933,0.00932,0.00916,-0.172,-0.118,1.621,YES,IS,-1.115
2018-04-06,2018-03-27,JPY,SHORT,1.0,0.00933,0.00932,0.00915,0.00915,0.054,1.876,1.972,YES,IS,-0.892
2018-04-13,2018-04-03,JPY,SHORT,0.885,0.00932,0.00915,0.00916,0.00905,1.823,1.737,2.982,YES,IS,-1.708
2018-04-20,2018-04-10,JPY,SHORT,0.865,0.00915,0.00916,0.00915,0.00916,-0.087,0.098,-0.087,NO,IS,-2.679
2018-04-27,2018-04-17,JPY,SHORT,0.942,0.00916,0.00915,0.00905,0.00922,0.186,1.266,-0.578,NO,IS,-1.621
2018-07-20,2018-07-10,JPY,LONG,0.135,0.009,0.00896,0.00901,0.009,-0.456,0.078,-0.011,NO,IS,-0.542
2018-07-27,2018-07-17,JPY,LONG,0.077,0.00896,0.00901,0.00904,0.00902,0.536,0.871,0.625,YES,IS,-0.907
2018-08-10,2018-07-31,JPY,LONG,0.135,0.00904,0.009,0.00902,0.00894,-0.42,-0.243,-1.084,NO,IS,1.482
2018-09-28,2018-09-18,JPY,LONG,0.058,0.00879,0.00893,0.00893,0.00888,1.684,1.673,1.093,YES,IS,-2.67
2018-10-05,2018-09-25,JPY,LONG,0.077,0.00893,0.00893,0.0089,0.00878,-0.011,-0.425,-1.746,NO,IS,-0.056
2018-11-16,2018-11-06,JPY,LONG,0.135,0.00886,0.00883,0.00888,0.00902,-0.373,0.294,1.829,YES,IS,-0.427
2019-06-07,2019-05-28,JPY,SHORT,0.865,0.00923,0.00934,0.00929,0.00922,-1.17,-0.65,0.119,YES,IS,1.195
2019-06-14,2019-06-04,JPY,SHORT,0.923,0.00934,0.00929,0.00928,0.00933,0.514,0.632,0.161,YES,IS,2.087
2019-06-21,2019-06-11,JPY,SHORT,0.904,0.00929,0.00928,0.00922,0.00921,0.118,0.764,0.882,YES,IS,1.685
2019-06-28,2019-06-18,JPY,SHORT,0.885,0.00928,0.00922,0.00933,0.00933,0.646,-0.474,-0.463,NO,IS,0.585
2019-07-05,2019-06-25,JPY,SHORT,0.981,0.00922,0.00933,0.00921,0.00944,-1.128,0.119,-2.396,NO,IS,-0.119
2019-07-12,2019-07-02,JPY,SHORT,0.942,0.00933,0.00921,0.00933,0.00943,1.233,0.011,-1.072,NO,IS,-0.161
2019-07-26,2019-07-16,JPY,SHORT,0.904,0.00933,0.00944,0.00943,0.00939,-1.265,-1.083,-0.676,NO,IS,0.463
2019-08-02,2019-07-23,JPY,SHORT,0.942,0.00944,0.00943,0.00941,0.00936,0.18,0.318,0.932,YES,IS,2.396
2019-08-09,2019-07-30,JPY,SHORT,0.885,0.00943,0.00941,0.00939,0.00925,0.138,0.403,1.899,YES,IS,1.072
2019-08-16,2019-08-06,JPY,SHORT,1.0,0.00941,0.00939,0.00936,0.00928,0.266,0.616,1.413,YES,IS,2.193
2019-08-23,2019-08-13,JPY,SHORT,0.923,0.00939,0.00936,0.00925,0.00929,0.352,1.502,1.065,YES,IS,0.676
2019-08-30,2019-08-20,JPY,SHORT,0.962,0.00936,0.00925,0.00928,0.00936,1.154,0.802,-0.064,NO,IS,-0.932
2019-09-06,2019-08-27,JPY,SHORT,0.923,0.00925,0.00928,0.00929,0.00927,-0.357,-0.443,-0.216,NO,IS,-1.899
2019-09-13,2019-09-03,JPY,SHORT,1.0,0.00928,0.00929,0.00936,0.00922,-0.086,-0.873,0.657,YES,IS,-1.413
2019-09-20,2019-09-10,JPY,SHORT,0.923,0.00929,0.00936,0.00927,0.00922,-0.786,0.226,0.732,YES,IS,-1.065
2019-09-27,2019-09-17,JPY,SHORT,0.923,0.00936,0.00927,0.00922,0.00927,1.004,1.517,0.993,YES,IS,0.064
2019-10-04,2019-09-24,JPY,SHORT,0.904,0.00927,0.00922,0.00922,0.00915,0.518,0.507,1.241,YES,IS,0.216
2019-10-11,2019-10-01,JPY,SHORT,0.904,0.00922,0.00922,0.00927,0.00923,-0.011,-0.532,-0.098,NO,IS,-0.657
2020-01-10,2019-12-31,JPY,LONG,0.115,0.00909,0.00914,0.0092,0.00911,0.517,1.166,0.154,YES,IS,-0.807
2020-02-07,2020-01-28,JPY,LONG,0.058,0.00911,0.00893,0.0091,0.00951,-1.899,-0.044,4.381,YES,IS,0.154
2020-02-14,2020-02-04,JPY,LONG,0.038,0.00893,0.0091,0.0094,0.00906,1.891,5.238,1.388,YES,IS,-2.254
2020-02-21,2020-02-11,JPY,LONG,0.038,0.0091,0.0094,0.00951,0.00916,3.284,4.427,0.659,YES,IS,-1.043
2020-02-28,2020-02-18,JPY,LONG,0.019,0.0094,0.00951,0.00906,0.00927,1.106,-3.658,-1.372,NO,IS,3.352
2020-03-06,2020-02-25,JPY,LONG,0.019,0.00951,0.00906,0.00916,0.00923,-4.712,-3.608,-2.945,NO,IS,4.381
2020-07-03,2020-06-23,JPY,SHORT,0.865,0.00933,0.00932,0.00937,0.00947,0.139,-0.461,-1.544,NO,IS,-0.363
2020-07-31,2020-07-21,JPY,SHORT,0.962,0.00947,0.00935,0.00946,0.00943,1.267,0.158,0.464,YES,IS,1.544
2020-08-07,2020-07-28,JPY,SHORT,1.0,0.00935,0.00946,0.00938,0.00942,-1.123,-0.31,-0.759,NO,IS,0.397
2020-08-14,2020-08-04,JPY,SHORT,1.0,0.00946,0.00938,0.00943,0.00956,0.804,0.307,-1.036,NO,IS,0.918
2020-08-21,2020-08-11,JPY,SHORT,0.942,0.00938,0.00943,0.00942,0.00949,-0.501,-0.448,-1.14,NO,IS,-1.656
2020-08-28,2020-08-18,JPY,SHORT,0.962,0.00943,0.00942,0.00956,0.00948,0.053,-1.347,-0.488,NO,IS,-0.464
2020-09-11,2020-09-01,JPY,SHORT,0.942,0.00956,0.00949,0.00948,0.00948,0.701,0.848,0.764,YES,IS,1.036
2020-09-18,2020-09-08,JPY,SHORT,0.942,0.00949,0.00948,0.00943,0.00954,0.148,0.59,-0.527,NO,IS,1.14
2020-09-25,2020-09-15,JPY,SHORT,0.942,0.00948,0.00943,0.00948,0.00956,0.443,-0.084,-0.865,NO,IS,0.488
2020-10-02,2020-09-22,JPY,SHORT,0.981,0.00943,0.00948,0.00954,0.00966,-0.53,-1.124,-2.438,NO,IS,0.096
2020-10-09,2020-09-29,JPY,SHORT,0.904,0.00948,0.00954,0.00956,0.00951,-0.591,-0.78,-0.337,NO,IS,-0.764
2020-10-16,2020-10-06,JPY,SHORT,0.923,0.00954,0.00956,0.00966,0.00964,-0.189,-1.3,-1.027,NO,IS,0.527
2020-10-30,2020-10-20,JPY,SHORT,0.942,0.00966,0.00951,0.00964,0.00962,1.532,0.269,0.445,YES,IS,2.438
2020-11-06,2020-10-27,JPY,SHORT,1.0,0.00951,0.00964,0.00958,0.0096,-1.282,-0.673,-0.872,NO,IS,0.337
2020-11-13,2020-11-03,JPY,SHORT,1.0,0.00964,0.00958,0.00962,0.00971,0.602,0.176,-0.716,NO,IS,1.027
2020-11-20,2020-11-10,JPY,SHORT,0.904,0.00958,0.00962,0.0096,0.00965,-0.428,-0.198,-0.783,NO,IS,0.23
2020-11-27,2020-11-17,JPY,SHORT,0.962,0.00962,0.0096,0.00971,0.00968,0.229,-0.894,-0.655,NO,IS,-0.445
2020-12-04,2020-11-24,JPY,SHORT,0.923,0.0096,0.00971,0.00965,0.00963,-1.125,-0.583,-0.323,NO,IS,0.872
2020-12-11,2020-12-01,JPY,SHORT,0.962,0.00971,0.00965,0.00968,0.00963,0.536,0.237,0.732,YES,IS,0.716
2020-12-18,2020-12-08,JPY,SHORT,0.962,0.00965,0.00968,0.00963,0.00966,-0.3,0.259,-0.093,NO,IS,0.783
2020-12-25,2020-12-15,JPY,SHORT,0.981,0.00968,0.00963,0.00963,0.0096,0.558,0.496,0.909,YES,IS,0.655
2020-12-31,2020-12-21,JPY,SHORT,0.923,0.00963,0.00963,0.00966,0.00948,-0.062,-0.353,1.568,YES,IS,0.323
2021-01-08,2020-12-29,JPY,SHORT,0.962,0.00963,0.00966,0.0096,0.00955,-0.291,0.415,0.924,YES,IS,-0.732
2021-01-15,2021-01-05,JPY,SHORT,1.0,0.00966,0.0096,0.00948,0.00946,0.704,1.915,2.07,YES,IS,0.093
2021-02-05,2021-01-26,JPY,SHORT,0.865,0.00955,0.00946,0.00942,0.00922,0.869,1.362,3.405,YES,IS,-0.924
2021-03-12,2021-03-02,JPY,LONG,0.019,0.00918,0.00917,0.00904,0.0092,-0.131,-1.493,0.272,YES,IS,-3.012
2021-03-19,2021-03-09,JPY,LONG,0.019,0.00917,0.00904,0.00915,0.00925,-1.364,-0.142,0.949,YES,IS,-2.655
2021-03-26,2021-03-16,JPY,LONG,0.038,0.00904,0.00915,0.0092,0.00919,1.239,1.792,1.604,YES,IS,-2.449
2021-04-02,2021-03-23,JPY,LONG,0.019,0.00915,0.0092,0.00925,0.00917,0.546,1.093,0.208,YES,IS,-0.737
2021-04-09,2021-03-30,JPY,LONG,0.019,0.0092,0.00925,0.00919,0.00914,0.543,-0.185,-0.717,NO,IS,0.272
2021-04-16,2021-04-06,JPY,LONG,0.038,0.00925,0.00919,0.00917,0.00919,-0.724,-0.875,-0.659,NO,IS,0.949
2021-04-23,2021-04-13,JPY,LONG,0.058,0.00919,0.00917,0.00914,0.00911,-0.152,-0.533,-0.838,NO,IS,1.604
2021-04-30,2021-04-20,JPY,LONG,0.135,0.00917,0.00914,0.00919,0.00907,-0.382,0.218,-1.156,NO,IS,0.208
2021-06-18,2021-06-08,JPY,LONG,0.115,0.00902,0.00896,0.00911,0.00908,-0.698,0.931,0.632,YES,IS,-0.944
2021-06-25,2021-06-15,JPY,LONG,0.096,0.00896,0.00911,0.00911,0.00914,1.641,1.629,1.964,YES,IS,-1.169
2021-07-02,2021-06-22,JPY,LONG,0.019,0.00911,0.00911,0.00908,0.00911,-0.011,-0.296,0.066,YES,IS,-0.35
2021-07-09,2021-06-29,JPY,LONG,0.038,0.00911,0.00908,0.00914,0.00905,-0.286,0.329,-0.582,NO,IS,0.364
2021-07-16,2021-07-06,JPY,LONG,0.019,0.00908,0.00914,0.00911,0.00911,0.617,0.363,0.33,YES,IS,0.632
2021-08-20,2021-08-10,JPY,LONG,0.038,0.00909,0.00909,0.00912,0.00907,0.044,0.297,-0.187,NO,IS,-0.504
2021-10-15,2021-10-05,JPY,LONG,0.115,0.00878,0.00882,0.00879,0.00875,0.421,0.159,-0.285,NO,IS,-3.24
2021-11-05,2021-10-26,JPY,LONG,0.096,0.00876,0.00875,0.00867,0.00881,-0.125,-1.084,0.548,YES,IS,-0.375
2021-11-26,2021-11-16,JPY,LONG,0.038,0.00884,0.00881,0.00881,0.00869,-0.272,-0.317,-1.652,NO,IS,0.5
2022-01-14,2022-01-04,JPY,LONG,0.077,0.00876,0.00867,0.0087,0.00871,-0.982,-0.674,-0.605,NO,IS,0.194
2022-03-11,2022-03-01,JPY,SHORT,0.962,0.00844,0.00818,0.00823,0.00794,3.011,2.501,5.914,YES,IS,-3.101
2022-03-25,2022-03-15,JPY,LONG,0.019,0.00823,0.00807,0.00794,0.00764,-1.921,-3.501,-7.099,NO,IS,-5.055
2022-04-01,2022-03-22,JPY,LONG,0.019,0.00807,0.00794,0.0078,0.00767,-1.611,-3.297,-4.921,NO,IS,-6.339
2022-04-08,2022-03-29,JPY,LONG,0.077,0.00794,0.0078,0.00764,0.00781,-1.713,-3.729,-1.65,NO,IS,-5.914
2022-04-29,2022-04-19,JPY,LONG,0.096,0.00767,0.00781,0.00783,0.0077,1.773,2.138,0.417,YES,IS,-4.921
2022-05-20,2022-05-10,JPY,SHORT,0.865,0.00787,0.0077,0.00745,0.00742,2.085,5.326,5.682,YES,IS,2.944
2022-05-27,2022-05-17,JPY,SHORT,0.904,0.0077,0.00745,0.00759,0.00738,3.31,1.48,4.154,YES,IS,0.417
2022-06-03,2022-05-24,JPY,SHORT,1.0,0.00745,0.00759,0.00742,0.00735,-1.893,0.376,1.302,YES,IS,-4.598
2022-06-10,2022-05-31,JPY,SHORT,0.942,0.00759,0.00742,0.00738,0.0072,2.227,2.714,5.086,YES,IS,-3.14
2022-07-15,2022-07-05,JPY,SHORT,0.962,0.00728,0.00745,0.00753,0.00737,-2.447,-3.491,-1.361,NO,IS,-1.954
2022-08-05,2022-07-26,JPY,SHORT,0.885,0.00752,0.00737,0.00734,0.00695,1.994,2.446,7.656,YES,OOS,4.456
2022-08-12,2022-08-02,JPY,SHORT,0.981,0.00737,0.00734,0.00714,0.00697,0.461,3.187,5.479,YES,OOS,1.361
2022-08-19,2022-08-09,JPY,SHORT,0.865,0.00734,0.00714,0.00695,0.00703,2.738,5.341,4.183,YES,OOS,-1.516
2022-10-14,2022-10-04,JPY,SHORT,0.904,0.00668,0.00685,0.00675,0.00716,-2.591,-1.153,-7.205,NO,OOS,-5.076
2022-11-25,2022-11-15,JPY,SHORT,0.904,0.00741,0.00733,0.00726,0.00754,1.094,1.958,-1.796,NO,OOS,9.67
2022-12-16,2022-12-06,JPY,SHORT,0.962,0.00758,0.00754,0.00752,0.00781,0.502,0.805,-3.075,NO,OOS,5.309
2022-12-23,2022-12-13,JPY,SHORT,1.0,0.00754,0.00752,0.00774,0.0077,0.305,-2.613,-2.069,NO,OOS,1.796
2022-12-30,2022-12-20,JPY,SHORT,1.0,0.00752,0.00774,0.00781,0.00778,-2.927,-3.912,-3.566,NO,OOS,2.608
2023-01-06,2022-12-27,JPY,SHORT,0.923,0.00774,0.00781,0.0077,0.0076,-0.957,0.53,1.732,YES,OOS,6.542
2023-01-13,2023-01-03,JPY,SHORT,1.0,0.00781,0.0077,0.00778,0.00749,1.472,0.333,4.046,YES,OOS,3.075
2023-01-20,2023-01-10,JPY,SHORT,1.0,0.0077,0.00778,0.0076,0.00744,-1.157,1.209,3.275,YES,OOS,2.069
2023-01-27,2023-01-17,JPY,SHORT,1.0,0.00778,0.0076,0.00749,0.00732,2.338,3.726,5.948,YES,OOS,3.566
2023-02-03,2023-01-24,JPY,SHORT,0.981,0.0076,0.00749,0.00744,0.00735,1.421,2.092,3.368,YES,OOS,-1.732
2023-02-10,2023-01-31,JPY,SHORT,0.962,0.00749,0.00744,0.00732,0.00752,0.681,2.309,-0.374,NO,OOS,-4.046
2023-02-17,2023-02-07,JPY,SHORT,0.904,0.00744,0.00732,0.00735,0.00768,1.639,1.303,-3.211,NO,OOS,-3.275
2023-04-07,2023-03-28,JPY,SHORT,0.904,0.00753,0.00747,0.00748,0.00744,0.849,0.703,1.301,YES,OOS,0.16
2023-04-14,2023-04-04,JPY,SHORT,0.981,0.00747,0.00748,0.00746,0.00724,-0.147,0.067,3.025,YES,OOS,-2.76
2023-04-21,2023-04-11,JPY,SHORT,0.904,0.00748,0.00746,0.00744,0.00717,0.214,0.602,4.184,YES,OOS,-1.15
2023-11-24,2023-11-14,JPY,SHORT,0.865,0.00676,0.00698,0.00705,0.00708,-3.208,-4.213,-4.731,NO,OOS,1.607
2023-12-01,2023-11-21,JPY,SHORT,0.865,0.00698,0.00705,0.00706,0.00692,-0.974,-1.103,0.802,YES,OOS,5.613
2023-12-08,2023-11-28,JPY,SHORT,1.0,0.00705,0.00706,0.00708,0.00687,-0.128,-0.497,2.468,YES,OOS,5.666
2023-12-22,2023-12-12,JPY,SHORT,0.904,0.00708,0.00692,0.00687,0.00679,2.244,2.95,4.178,YES,OOS,4.731
2023-12-29,2023-12-19,JPY,SHORT,0.923,0.00692,0.00687,0.00678,0.00685,0.722,2.123,1.025,YES,OOS,-0.802
2024-01-05,2023-12-26,JPY,SHORT,0.923,0.00687,0.00678,0.00679,0.0067,1.411,1.265,2.516,YES,OOS,-2.468
2024-01-12,2024-01-02,JPY,SHORT,0.865,0.00678,0.00679,0.00685,0.00667,-0.148,-1.121,1.593,YES,OOS,-3.967
2024-01-19,2024-01-09,JPY,SHORT,0.865,0.00679,0.00685,0.0067,0.00667,-0.972,1.267,1.797,YES,OOS,-4.178
2024-02-16,2024-02-06,JPY,SHORT,0.865,0.00667,0.00669,0.00677,0.00662,-0.3,-1.515,0.735,YES,OOS,-1.797
2024-03-15,2024-03-05,JPY,SHORT,0.981,0.00662,0.00662,0.00662,0.00649,-0.06,-0.091,1.904,YES,OOS,-0.735
2024-03-22,2024-03-12,JPY,SHORT,0.942,0.00662,0.00662,0.00653,0.00644,-0.03,1.405,2.704,YES,OOS,-0.972
2024-04-12,2024-04-02,JPY,SHORT,0.942,0.00649,0.00644,0.00654,0.00647,0.755,-0.755,0.354,YES,OOS,-1.904
2024-04-19,2024-04-09,JPY,SHORT,0.962,0.00644,0.00654,0.00643,0.0064,-1.521,0.109,0.714,YES,OOS,-2.704
2024-06-07,2024-05-28,JPY,LONG,0.096,0.00638,0.00632,0.00624,0.0063,-0.91,-2.227,-1.176,NO,OOS,-1.407
2024-06-14,2024-06-04,JPY,SHORT,0.865,0.00632,0.00624,0.0062,0.00639,1.329,1.931,-1.076,NO,OOS,-1.204
2024-06-28,2024-06-18,JPY,LONG,0.019,0.0062,0.0063,0.00639,0.0067,1.694,3.066,8.165,YES,OOS,-3.669
2024-07-12,2024-07-02,JPY,LONG,0.077,0.00639,0.00653,0.0067,0.00671,2.161,4.948,5.104,YES,OOS,1.076
2024-08-30,2024-08-20,JPY,SHORT,0.942,0.00698,0.00704,0.00703,0.00682,-0.874,-0.731,2.349,YES,OOS,2.647
2024-09-06,2024-08-27,JPY,SHORT,1.0,0.00704,0.00703,0.00693,0.00672,0.142,1.59,4.516,YES,OOS,4.901
2024-09-13,2024-09-03,JPY,SHORT,1.0,0.00703,0.00693,0.00682,0.00668,1.451,3.057,4.991,YES,OOS,2.477
2024-09-20,2024-09-10,JPY,SHORT,1.0,0.00693,0.00682,0.00672,0.00661,1.631,2.973,4.661,YES,OOS,0.116
2024-09-27,2024-09-17,JPY,SHORT,1.0,0.00682,0.00672,0.00668,0.00659,1.364,1.995,3.345,YES,OOS,-2.349
2024-10-04,2024-09-24,JPY,SHORT,0.981,0.00672,0.00668,0.00661,0.00654,0.64,1.74,2.751,YES,OOS,-4.516
2024-10-11,2024-10-01,JPY,SHORT,0.942,0.00668,0.00661,0.00659,0.00642,1.108,1.377,3.981,YES,OOS,-4.991
2025-01-31,2025-01-21,JPY,SHORT,0.923,0.00661,0.00654,0.00669,0.00678,1.089,-1.24,-2.511,NO,HOLDOUT,4.538
2025-02-07,2025-01-28,JPY,SHORT,0.923,0.00654,0.00669,0.00668,0.00677,-2.355,-2.217,-3.517,NO,HOLDOUT,1.207
2025-02-14,2025-02-04,JPY,SHORT,0.981,0.00669,0.00668,0.00678,0.00674,0.134,-1.255,-0.657,NO,HOLDOUT,4.009
2025-02-21,2025-02-11,JPY,SHORT,0.981,0.00668,0.00678,0.00677,0.00663,-1.391,-1.272,0.838,YES,HOLDOUT,2.83
2025-02-28,2025-02-18,JPY,SHORT,0.885,0.00678,0.00677,0.00674,0.00684,0.118,0.59,-0.87,NO,HOLDOUT,2.511
2025-03-07,2025-02-25,JPY,SHORT,0.962,0.00677,0.00674,0.00663,0.00692,0.473,2.083,-2.186,NO,HOLDOUT,3.517
2025-03-14,2025-03-04,JPY,SHORT,0.942,0.00674,0.00663,0.00684,0.00704,1.618,-1.469,-4.556,NO,HOLDOUT,0.657
2025-03-21,2025-03-11,JPY,SHORT,1.0,0.00663,0.00684,0.00692,0.00702,-3.138,-4.36,-5.959,NO,HOLDOUT,-0.838
2025-03-28,2025-03-18,JPY,SHORT,0.962,0.00684,0.00692,0.00704,0.00687,-1.185,-3.042,-0.556,NO,HOLDOUT,0.87
2025-04-11,2025-04-01,JPY,SHORT,1.0,0.00704,0.00702,0.00687,0.00687,0.298,2.413,2.541,YES,HOLDOUT,4.556
2025-04-18,2025-04-08,JPY,SHORT,0.942,0.00702,0.00687,0.00686,0.00695,2.121,2.306,0.997,YES,HOLDOUT,5.959
2025-04-25,2025-04-15,JPY,SHORT,1.0,0.00687,0.00686,0.00687,0.00696,0.189,0.131,-1.193,NO,HOLDOUT,0.556
2025-05-02,2025-04-22,JPY,SHORT,1.0,0.00686,0.00687,0.00695,0.00697,-0.058,-1.341,-1.559,NO,HOLDOUT,-0.809
2025-05-09,2025-04-29,JPY,SHORT,0.981,0.00687,0.00695,0.00696,0.00697,-1.282,-1.325,-1.515,NO,HOLDOUT,-2.541
2025-05-16,2025-05-06,JPY,SHORT,1.0,0.00695,0.00696,0.00697,0.00691,-0.043,-0.216,0.561,YES,HOLDOUT,-0.997
2025-06-06,2025-05-27,JPY,SHORT,0.942,0.00697,0.00691,0.00695,0.00684,0.789,0.316,1.865,YES,HOLDOUT,1.515
2025-06-13,2025-06-03,JPY,SHORT,1.0,0.00691,0.00695,0.0069,0.00674,-0.477,0.246,2.458,YES,HOLDOUT,-0.561
2025-06-20,2025-06-10,JPY,SHORT,1.0,0.00695,0.0069,0.00684,0.00682,0.72,1.554,1.785,YES,HOLDOUT,-0.129
2025-06-27,2025-06-17,JPY,SHORT,0.865,0.0069,0.00684,0.00674,0.00665,0.841,2.218,3.668,YES,HOLDOUT,-1.019
2025-07-11,2025-07-01,JPY,SHORT,0.942,0.00674,0.00682,0.00665,0.00676,-1.171,1.483,-0.282,NO,HOLDOUT,-2.458
2025-10-31,2025-10-21,JPY,LONG,0.115,0.00654,0.00648,0.00636,0.00646,-0.933,-2.677,-1.209,NO,HOLDOUT,0.107
2025-11-14,2025-11-04,JPY,LONG,0.058,0.00636,0.00641,0.00646,0.00645,0.739,1.509,1.383,YES,HOLDOUT,-3.211
2026-01-23,2026-01-13,JPY,LONG,0.077,0.00654,0.00638,0.00654,0.00641,-2.492,-0.015,-1.972,NO,HOLDOUT,2.411
2026-03-20,2026-03-10,JPY,LONG,0.019,0.00627,0.00634,,,1.069,,,,HOLDOUT,-2.245
2026-03-27,2026-03-17,JPY,LONG,0.077,0.00634,,,,,,,,HOLDOUT,-0.079
2014-07-11,2014-07-01,PLATINUM,SHORT,0.923,876.40002,876.40002,876.40002,876.40002,-0.0,-0.0,-0.0,NO,IS,0.0
2014-07-18,2014-07-08,PLATINUM,SHORT,0.963,876.40002,876.40002,876.40002,876.40002,-0.0,-0.0,-0.0,NO,IS,0.0
2014-07-25,2014-07-15,PLATINUM,SHORT,0.964,876.40002,876.40002,876.40002,876.40002,-0.0,-0.0,-0.0,NO,IS,0.0
2014-08-01,2014-07-22,PLATINUM,SHORT,0.862,876.40002,876.40002,876.40002,876.40002,-0.0,-0.0,-0.0,NO,IS,0.0
2014-08-29,2014-08-19,PLATINUM,LONG,0.091,876.40002,876.40002,876.40002,876.40002,0.0,0.0,0.0,NO,IS,0.0
2014-09-05,2014-08-26,PLATINUM,LONG,0.029,876.40002,876.40002,876.40002,876.40002,0.0,0.0,0.0,NO,IS,0.0
2014-09-12,2014-09-02,PLATINUM,LONG,0.029,876.40002,876.40002,876.40002,876.40002,0.0,0.0,0.0,NO,IS,0.0
2014-09-19,2014-09-09,PLATINUM,LONG,0.028,876.40002,876.40002,876.40002,876.40002,0.0,0.0,0.0,NO,IS,0.0
2014-09-26,2014-09-16,PLATINUM,LONG,0.027,876.40002,876.40002,876.40002,876.40002,0.0,0.0,0.0,NO,IS,0.0
2014-10-03,2014-09-23,PLATINUM,LONG,0.026,876.40002,876.40002,876.40002,876.40002,0.0,0.0,0.0,NO,IS,0.0
2014-10-10,2014-09-30,PLATINUM,LONG,0.026,876.40002,876.40002,876.40002,876.40002,0.0,0.0,0.0,NO,IS,0.0
2014-10-17,2014-10-07,PLATINUM,LONG,0.1,876.40002,876.40002,876.40002,876.40002,0.0,0.0,0.0,NO,IS,0.0
2014-10-24,2014-10-14,PLATINUM,LONG,0.024,876.40002,876.40002,876.40002,876.40002,0.0,0.0,0.0,NO,IS,0.0
2014-10-31,2014-10-21,PLATINUM,LONG,0.143,876.40002,876.40002,876.40002,876.40002,0.0,0.0,0.0,NO,IS,0.0
2014-12-19,2014-12-09,PLATINUM,SHORT,1.0,876.40002,876.40002,876.40002,876.40002,-0.0,-0.0,-0.0,NO,IS,0.0
2014-12-26,2014-12-16,PLATINUM,SHORT,0.94,876.40002,876.40002,876.40002,876.40002,-0.0,-0.0,-0.0,NO,IS,0.0
2015-01-09,2014-12-30,PLATINUM,SHORT,0.865,876.40002,876.40002,876.40002,876.40002,-0.0,-0.0,-0.0,NO,IS,0.0
2015-01-16,2015-01-06,PLATINUM,SHORT,0.904,876.40002,876.40002,876.40002,876.40002,-0.0,-0.0,-0.0,NO,IS,0.0
2015-01-23,2015-01-13,PLATINUM,SHORT,1.0,876.40002,876.40002,876.40002,876.40002,-0.0,-0.0,-0.0,NO,IS,0.0
2015-01-30,2015-01-20,PLATINUM,SHORT,1.0,876.40002,876.40002,876.40002,876.40002,-0.0,-0.0,-0.0,NO,IS,0.0
2015-09-25,2015-09-15,PLATINUM,LONG,0.135,876.40002,876.40002,876.40002,876.40002,0.0,0.0,0.0,NO,IS,0.0
2015-12-04,2015-11-24,PLATINUM,SHORT,0.923,876.40002,876.40002,876.40002,876.40002,-0.0,-0.0,-0.0,NO,IS,0.0
2015-12-11,2015-12-01,PLATINUM,SHORT,0.981,876.40002,876.40002,876.40002,834.0,-0.0,-0.0,4.838,YES,IS,0.0
2015-12-18,2015-12-08,PLATINUM,SHORT,0.962,876.40002,876.40002,876.40002,818.09998,-0.0,-0.0,6.652,YES,IS,0.0
2016-01-01,2015-12-22,PLATINUM,SHORT,0.885,876.40002,834.0,818.09998,904.40002,4.838,6.652,-3.195,NO,IS,0.0
2016-01-08,2015-12-29,PLATINUM,SHORT,0.923,834.0,818.09998,865.90002,962.40002,1.906,-3.825,-15.396,NO,IS,-4.838
2016-01-15,2016-01-05,PLATINUM,SHORT,0.942,818.09998,865.90002,904.40002,944.70001,-5.843,-10.549,-15.475,NO,IS,-6.652
2016-02-26,2016-02-16,PLATINUM,SHORT,0.865,942.20001,977.20001,988.59998,976.59998,-3.715,-4.925,-3.651,NO,IS,4.18
2016-03-04,2016-02-23,PLATINUM,SHORT,0.885,977.20001,988.59998,951.90002,953.79999,-1.167,2.589,2.395,YES,IS,1.538
2016-03-18,2016-03-08,PLATINUM,SHORT,0.942,951.90002,976.59998,953.79999,1030.59998,-2.595,-0.2,-8.268,NO,IS,2.786
2016-03-25,2016-03-15,PLATINUM,SHORT,0.923,976.59998,953.79999,992.09998,1048.90002,2.335,-1.587,-7.403,NO,IS,3.651
2016-04-01,2016-03-22,PLATINUM,SHORT,1.0,953.79999,992.09998,1030.59998,1063.19995,-4.016,-8.052,-11.47,NO,IS,-2.395
2016-04-08,2016-03-29,PLATINUM,SHORT,0.885,992.09998,1030.59998,1048.90002,1052.5,-3.881,-5.725,-6.088,NO,IS,0.354
2016-04-22,2016-04-12,PLATINUM,SHORT,0.923,1048.90002,1063.19995,1052.5,995.29999,-1.363,-0.343,5.11,YES,IS,7.403
2016-04-29,2016-04-19,PLATINUM,SHORT,1.0,1063.19995,1052.5,1012.5,958.40002,1.006,4.769,9.857,YES,IS,11.47
2016-05-06,2016-04-26,PLATINUM,SHORT,1.0,1052.5,1012.5,995.29999,1003.40002,3.8,5.435,4.665,YES,IS,6.088
2016-05-13,2016-05-03,PLATINUM,SHORT,1.0,1012.5,995.29999,958.40002,977.90002,1.699,5.343,3.417,YES,IS,-1.756
2016-05-20,2016-05-10,PLATINUM,SHORT,0.962,995.29999,958.40002,1003.40002,965.90002,3.707,-0.814,2.954,YES,IS,-5.11
2016-05-27,2016-05-17,PLATINUM,SHORT,0.962,958.40002,1003.40002,977.90002,1021.5,-4.695,-2.035,-6.584,NO,IS,-9.857
2016-06-03,2016-05-24,PLATINUM,SHORT,0.885,1003.40002,977.90002,965.90002,1091.09998,2.541,3.737,-8.74,NO,IS,-4.665
2016-06-17,2016-06-07,PLATINUM,SHORT,0.885,965.90002,1021.5,1091.09998,1105.19995,-5.756,-12.962,-14.422,NO,IS,-2.954
2016-07-01,2016-06-21,PLATINUM,SHORT,0.923,1091.09998,1100.90002,1105.19995,1161.90002,-0.898,-1.292,-6.489,NO,IS,8.74
2016-07-08,2016-06-28,PLATINUM,SHORT,0.885,1100.90002,1105.19995,1135.59998,1154.19995,-0.391,-3.152,-4.841,NO,IS,12.578
2016-07-15,2016-07-05,PLATINUM,SHORT,0.962,1105.19995,1135.59998,1161.90002,1131.0,-2.751,-5.13,-2.334,NO,IS,14.422
2016-07-22,2016-07-12,PLATINUM,SHORT,0.885,1135.59998,1161.90002,1154.19995,1074.5,-2.316,-1.638,5.38,YES,IS,11.17
2016-07-29,2016-07-19,PLATINUM,SHORT,0.885,1161.90002,1154.19995,1131.0,1046.19995,0.663,2.659,9.958,YES,IS,6.489
2016-08-05,2016-07-26,PLATINUM,SHORT,0.904,1154.19995,1131.0,1074.5,1083.09998,2.01,6.905,6.16,YES,IS,4.841
2016-08-12,2016-08-02,PLATINUM,SHORT,0.981,1131.0,1074.5,1046.19995,1032.19995,4.996,7.498,8.736,YES,IS,2.334
2016-08-26,2016-08-16,PLATINUM,SHORT,0.923,1046.19995,1083.09998,1032.19995,1030.80005,-3.527,1.338,1.472,YES,IS,-9.958
2016-09-16,2016-09-06,PLATINUM,SHORT,1.0,1062.40002,1030.80005,962.29999,931.20001,2.974,9.422,12.349,YES,IS,-1.126
2016-11-25,2016-11-15,PLATINUM,LONG,0.019,909.59998,942.40002,892.40002,897.79999,3.606,-1.891,-1.297,NO,IS,-8.269
2016-12-02,2016-11-22,PLATINUM,LONG,0.096,942.40002,892.40002,906.40002,972.09998,-5.306,-3.82,3.152,YES,IS,-3.788
2016-12-09,2016-11-29,PLATINUM,LONG,0.115,892.40002,906.40002,897.79999,980.90002,1.569,0.605,9.917,YES,IS,-5.326
2016-12-23,2016-12-13,PLATINUM,LONG,0.115,897.79999,972.09998,980.90002,977.90002,8.276,9.256,8.922,YES,IS,-1.297
2017-03-10,2017-02-28,PLATINUM,SHORT,0.904,957.29999,963.09998,951.59998,973.70001,-0.606,0.595,-1.713,NO,IS,-5.499
2017-04-28,2017-04-18,PLATINUM,SHORT,0.885,905.29999,915.20001,934.29999,927.29999,-1.094,-3.203,-2.43,NO,IS,-5.274
2017-05-12,2017-05-02,PLATINUM,SHORT,0.923,934.29999,949.79999,927.29999,920.29999,-1.659,0.749,1.498,YES,IS,-4.468
2017-05-26,2017-05-16,PLATINUM,SHORT,0.865,927.29999,936.90002,920.29999,919.0,-1.035,0.755,0.895,YES,IS,2.43
2017-06-16,2017-06-06,PLATINUM,SHORT,0.962,924.70001,919.0,907.20001,930.5,0.616,1.893,-0.627,NO,IS,-2.643
2017-07-28,2017-07-18,PLATINUM,SHORT,0.923,961.59998,983.40002,978.90002,996.79999,-2.267,-1.799,-3.661,NO,IS,5.996
2017-08-11,2017-08-01,PLATINUM,SHORT,0.865,978.90002,979.79999,996.79999,980.09998,-0.092,-1.829,-0.123,NO,IS,5.202
2017-09-08,2017-08-29,PLATINUM,SHORT,0.885,980.09998,939.40002,921.0,939.09998,4.153,6.03,4.183,YES,IS,0.123
2017-09-15,2017-09-05,PLATINUM,SHORT,1.0,939.40002,921.0,914.20001,923.20001,1.959,2.683,1.725,YES,IS,-4.123
2017-09-22,2017-09-12,PLATINUM,SHORT,0.981,921.0,914.20001,939.09998,918.20001,0.738,-1.965,0.304,YES,IS,-7.604
2017-09-29,2017-09-19,PLATINUM,SHORT,0.962,914.20001,939.09998,923.20001,924.09998,-2.724,-0.984,-1.083,NO,IS,-9.958
2017-10-06,2017-09-26,PLATINUM,SHORT,0.942,939.09998,923.20001,918.20001,937.29999,1.693,2.226,0.192,YES,IS,-4.183
2017-10-13,2017-10-03,PLATINUM,SHORT,0.923,923.20001,918.20001,924.09998,933.0,0.542,-0.097,-1.062,NO,IS,-1.725
2017-10-20,2017-10-10,PLATINUM,SHORT,0.942,918.20001,924.09998,937.29999,937.59998,-0.643,-2.08,-2.113,NO,IS,-0.304
2017-10-27,2017-10-17,PLATINUM,SHORT,0.904,924.09998,937.29999,933.0,941.29999,-1.428,-0.963,-1.861,NO,IS,1.083
2017-11-03,2017-10-24,PLATINUM,SHORT,0.885,937.29999,933.0,937.59998,893.59998,0.459,-0.032,4.662,YES,IS,-0.192
2017-12-22,2017-12-12,PLATINUM,SHORT,0.904,926.90002,966.09998,986.90002,1029.30005,-4.229,-6.473,-11.048,NO,IS,-1.53
2017-12-29,2017-12-19,PLATINUM,SHORT,0.904,966.09998,986.90002,1005.0,1004.79999,-2.153,-4.027,-4.006,NO,IS,8.113
2018-01-12,2018-01-02,PLATINUM,SHORT,0.904,1005.0,1029.30005,1004.79999,998.09998,-2.418,0.02,0.687,YES,IS,9.382
2018-03-16,2018-03-06,PLATINUM,SHORT,0.904,947.59998,927.29999,909.79999,933.70001,2.142,3.989,1.467,YES,IS,-4.898
2018-06-29,2018-06-19,PLATINUM,SHORT,0.981,837.09998,842.29999,800.59998,823.40002,-0.621,4.36,1.637,YES,IS,-6.813
2018-07-06,2018-06-26,PLATINUM,SHORT,0.904,842.29999,800.59998,832.40002,829.29999,4.951,1.175,1.543,YES,IS,-7.328
2018-08-10,2018-07-31,PLATINUM,SHORT,0.865,781.29999,775.20001,790.5,802.09998,0.781,-1.178,-2.662,NO,IS,-2.411
2018-09-07,2018-08-28,PLATINUM,SHORT,0.942,802.09998,833.09998,810.29999,842.79999,-3.865,-1.022,-5.074,NO,IS,2.662
2018-10-12,2018-10-02,PLATINUM,LONG,0.019,827.79999,828.70001,858.29999,842.29999,0.109,3.684,1.752,YES,IS,-0.636
2018-10-19,2018-10-09,PLATINUM,LONG,0.019,828.70001,858.29999,866.70001,848.09998,3.572,4.585,2.341,YES,IS,2.271
2018-11-02,2018-10-23,PLATINUM,LONG,0.058,866.70001,842.29999,848.09998,787.79999,-2.815,-2.146,-9.103,NO,IS,2.836
2018-11-09,2018-10-30,PLATINUM,LONG,0.096,842.29999,848.09998,819.09998,795.70001,0.689,-2.754,-5.532,NO,IS,1.752
2018-11-23,2018-11-13,PLATINUM,LONG,0.077,819.09998,787.79999,795.70001,795.5,-3.821,-2.857,-2.881,NO,IS,-4.567
2018-11-30,2018-11-20,PLATINUM,LONG,0.135,787.79999,795.70001,794.59998,794.5,1.003,0.863,0.85,YES,IS,-9.103
2018-12-07,2018-11-27,PLATINUM,LONG,0.135,795.70001,794.59998,795.5,821.29999,-0.138,-0.025,3.217,YES,IS,-5.532
2019-01-03,2018-12-24,PLATINUM,SHORT,0.981,821.29999,807.79999,799.0,793.29999,1.644,2.715,3.409,YES,IS,3.217
2019-01-10,2018-12-31,PLATINUM,SHORT,0.942,807.79999,799.0,820.5,785.70001,1.089,-1.572,2.736,YES,IS,1.661
2019-01-18,2019-01-08,PLATINUM,SHORT,1.0,799.0,820.5,793.29999,822.59998,-2.691,0.713,-2.954,NO,IS,0.44
2019-01-25,2019-01-15,PLATINUM,SHORT,0.981,820.5,793.29999,785.70001,873.0,3.315,4.241,-6.399,NO,IS,3.272
2019-02-01,2019-01-22,PLATINUM,SHORT,1.0,793.29999,785.70001,822.59998,815.29999,0.958,-3.693,-2.773,NO,IS,-3.409
2019-02-08,2019-01-29,PLATINUM,SHORT,0.962,785.70001,822.59998,873.0,825.59998,-4.696,-11.111,-5.078,NO,IS,-2.736
2019-02-15,2019-02-05,PLATINUM,SHORT,0.962,822.59998,873.0,815.29999,859.70001,-6.127,0.887,-4.51,NO,IS,2.954
2019-02-22,2019-02-12,PLATINUM,SHORT,0.981,873.0,815.29999,825.59998,838.20001,6.609,5.43,3.986,YES,IS,6.399
2019-03-01,2019-02-19,PLATINUM,SHORT,0.885,815.29999,825.59998,859.70001,900.0,-1.263,-5.446,-10.389,NO,IS,2.773
2019-03-08,2019-02-26,PLATINUM,SHORT,0.865,825.59998,859.70001,838.20001,890.29999,-4.13,-1.526,-7.837,NO,IS,5.078
2019-06-14,2019-06-04,PLATINUM,SHORT,0.856,804.59998,812.59998,837.20001,843.70001,-0.994,-4.052,-4.86,NO,IS,0.928
2019-06-21,2019-06-11,PLATINUM,SHORT,0.942,812.59998,837.20001,825.0,868.40002,-3.027,-1.526,-6.867,NO,IS,2.536
2019-06-28,2019-06-18,PLATINUM,SHORT,1.0,837.20001,825.0,843.70001,848.5,1.457,-0.776,-1.35,NO,IS,4.363
2019-07-05,2019-06-25,PLATINUM,SHORT,1.0,825.0,843.70001,868.40002,864.79999,-2.267,-5.261,-4.824,NO,IS,2.104
2019-08-16,2019-08-06,PLATINUM,SHORT,0.942,859.29999,917.5,962.09998,941.5,-6.773,-11.963,-9.566,NO,IS,-1.048
2019-09-06,2019-08-27,PLATINUM,SHORT,0.865,951.70001,941.5,935.0,903.09998,1.072,1.755,5.107,YES,IS,13.392
2019-09-13,2019-09-03,PLATINUM,SHORT,0.904,941.5,935.0,889.0,889.0,0.69,5.576,5.576,YES,IS,9.566
2019-10-04,2019-09-24,PLATINUM,SHORT,0.942,903.09998,889.0,921.59998,910.59998,1.561,-2.048,-0.83,NO,IS,-5.107
2019-10-11,2019-10-01,PLATINUM,SHORT,0.942,889.0,921.59998,930.0,879.79999,-3.667,-4.612,1.035,YES,IS,-5.576
2019-10-18,2019-10-08,PLATINUM,SHORT,0.981,921.59998,930.0,910.59998,914.70001,-0.911,1.194,0.749,YES,IS,-1.433
2019-10-25,2019-10-15,PLATINUM,SHORT,0.962,930.0,910.59998,879.79999,892.90002,2.086,5.398,3.989,YES,IS,4.612
2019-11-01,2019-10-22,PLATINUM,SHORT,0.962,910.59998,879.79999,914.70001,898.5,3.382,-0.45,1.329,YES,IS,0.83
2019-11-08,2019-10-29,PLATINUM,LONG,0.135,879.79999,914.70001,892.90002,942.70001,3.967,1.489,7.149,YES,IS,-1.035
2019-11-22,2019-11-12,PLATINUM,SHORT,0.904,892.90002,898.5,942.70001,952.09998,-0.627,-5.577,-6.63,NO,IS,-3.989
2019-12-06,2019-11-26,PLATINUM,SHORT,0.904,942.70001,933.5,952.09998,967.09998,0.976,-0.997,-2.588,NO,IS,7.149
2019-12-13,2019-12-03,PLATINUM,SHORT,0.904,933.5,952.09998,978.59998,995.70001,-1.992,-4.831,-6.663,NO,IS,2.055
2020-03-13,2020-03-03,PLATINUM,LONG,0.115,595.90002,737.0,726.0,789.29999,23.678,21.833,32.455,YES,IS,-38.957
2020-03-20,2020-03-10,PLATINUM,LONG,0.038,737.0,726.0,744.59998,787.59998,-1.493,1.031,6.866,YES,IS,-18.437
2020-03-27,2020-03-17,PLATINUM,LONG,0.019,726.0,744.59998,789.29999,809.5,2.562,8.719,11.501,YES,IS,-16.031
2020-04-03,2020-03-24,PLATINUM,LONG,0.038,744.59998,789.29999,787.59998,777.5,6.003,5.775,4.418,YES,IS,-4.648
2020-04-10,2020-03-31,PLATINUM,LONG,0.019,789.29999,787.59998,809.5,770.40002,-0.215,2.559,-2.395,NO,IS,32.455
2020-04-17,2020-04-07,PLATINUM,LONG,0.019,787.59998,809.5,777.5,861.90002,2.781,-1.282,9.434,YES,IS,6.866
2020-04-24,2020-04-14,PLATINUM,LONG,0.038,809.5,777.5,770.40002,864.0,-3.953,-4.83,6.733,YES,IS,11.501
2020-05-01,2020-04-21,PLATINUM,LONG,0.019,777.5,770.40002,861.90002,862.79999,-0.913,10.855,10.971,YES,IS,4.418
2020-05-08,2020-04-28,PLATINUM,LONG,0.019,770.40002,861.90002,864.0,826.09998,11.877,12.15,7.23,YES,IS,-2.395
2020-05-15,2020-05-05,PLATINUM,LONG,0.019,861.90002,864.0,862.79999,813.79999,0.244,0.104,-5.581,NO,IS,9.434
2020-05-22,2020-05-12,PLATINUM,LONG,0.038,864.0,862.79999,826.09998,803.90002,-0.139,-4.387,-6.956,NO,IS,6.733
2020-05-29,2020-05-19,PLATINUM,LONG,0.115,862.79999,826.09998,813.79999,822.5,-4.254,-5.679,-4.671,NO,IS,10.971
2020-06-05,2020-05-26,PLATINUM,LONG,0.115,826.09998,813.79999,803.90002,836.59998,-1.489,-2.687,1.271,YES,IS,7.23
2020-06-26,2020-06-16,PLATINUM,LONG,0.096,822.5,836.59998,828.79999,905.90002,1.714,0.766,10.14,YES,IS,-4.671
2020-07-10,2020-06-30,PLATINUM,LONG,0.115,828.79999,955.09998,905.90002,978.09998,15.239,9.303,18.014,YES,IS,1.843
2020-12-18,2020-12-08,PLATINUM,SHORT,0.923,1028.0,1075.40002,1119.69995,1124.19995,-4.611,-8.92,-9.358,NO,IS,6.275
2020-12-25,2020-12-15,PLATINUM,SHORT,0.942,1075.40002,1119.69995,1121.59998,1068.69995,-4.119,-4.296,0.623,YES,IS,3.703
2021-01-22,2021-01-12,PLATINUM,SHORT,0.865,1068.69995,1100.09998,1244.40002,1229.69995,-2.938,-16.441,-15.065,NO,IS,-0.623
2021-02-12,2021-02-02,PLATINUM,SHORT,0.885,1272.40002,1229.69995,1134.19995,1216.19995,3.356,10.861,4.417,YES,IS,13.183
2021-02-26,2021-02-16,PLATINUM,SHORT,0.981,1134.19995,1201.09998,1216.19995,1206.19995,-5.898,-7.23,-6.348,NO,IS,3.1
2021-03-05,2021-02-23,PLATINUM,SHORT,1.0,1201.09998,1216.19995,1153.69995,1233.30005,-1.257,3.946,-2.681,NO,IS,-3.48
2021-03-12,2021-03-02,PLATINUM,SHORT,0.942,1216.19995,1153.69995,1206.19995,1197.80005,5.139,0.822,1.513,YES,IS,-4.417
2021-03-19,2021-03-09,PLATINUM,SHORT,1.0,1153.69995,1206.19995,1233.30005,1206.0,-4.551,-6.9,-4.533,NO,IS,-6.18
2021-03-26,2021-03-16,PLATINUM,SHORT,0.904,1206.19995,1233.30005,1197.80005,1195.09998,-2.247,0.696,0.92,YES,IS,6.348
2021-04-02,2021-03-23,PLATINUM,SHORT,0.865,1233.30005,1197.80005,1206.0,1255.5,2.878,2.214,-1.8,NO,IS,2.681
2021-04-16,2021-04-06,PLATINUM,SHORT,0.865,1206.0,1195.09998,1255.5,1203.19995,0.904,-4.104,0.232,YES,IS,4.533
2021-04-23,2021-04-13,PLATINUM,SHORT,1.0,1195.09998,1255.5,1204.59998,1177.40002,-5.054,-0.795,1.481,YES,IS,-0.92
2021-04-30,2021-04-20,PLATINUM,SHORT,0.962,1255.5,1204.59998,1203.19995,1161.30005,4.054,4.166,7.503,YES,IS,1.8
2021-05-07,2021-04-27,PLATINUM,SHORT,0.885,1204.59998,1203.19995,1177.40002,1144.80005,0.116,2.258,4.964,YES,IS,0.568
2021-05-14,2021-05-04,PLATINUM,SHORT,0.942,1203.19995,1177.40002,1161.30005,1054.30005,2.144,3.482,12.375,YES,IS,-0.232
2021-05-21,2021-05-11,PLATINUM,SHORT,0.981,1177.40002,1161.30005,1144.80005,1093.09998,1.367,2.769,7.16,YES,IS,-1.481
2021-05-28,2021-05-18,PLATINUM,SHORT,1.0,1161.30005,1144.80005,1054.30005,1078.40002,1.421,9.214,7.139,YES,IS,-7.503
2021-06-04,2021-05-25,PLATINUM,SHORT,0.942,1144.80005,1054.30005,1093.09998,1073.19995,7.905,4.516,6.254,YES,IS,-4.964
2021-06-11,2021-06-01,PLATINUM,SHORT,0.962,1054.30005,1093.09998,1078.40002,1136.0,-3.68,-2.286,-7.749,NO,IS,-12.375
2021-06-18,2021-06-08,PLATINUM,SHORT,0.981,1093.09998,1078.40002,1073.19995,1088.80005,1.345,1.821,0.393,YES,IS,-7.16
2021-06-25,2021-06-15,PLATINUM,SHORT,0.875,1078.40002,1073.19995,1136.0,1065.5,0.482,-5.341,1.196,YES,IS,-7.139
2021-10-01,2021-09-21,PLATINUM,LONG,0.115,983.90002,1050.5,1047.69995,1028.19995,6.769,6.484,4.502,YES,IS,1.037
2021-10-08,2021-09-28,PLATINUM,LONG,0.019,1050.5,1047.69995,1022.70001,1093.30005,-0.267,-2.646,4.074,YES,IS,13.543
2021-10-15,2021-10-05,PLATINUM,LONG,0.038,1047.69995,1022.70001,1028.19995,1055.0,-2.386,-1.861,0.697,YES,IS,5.064
2021-10-22,2021-10-12,PLATINUM,LONG,0.115,1022.70001,1028.19995,1093.30005,974.29999,0.538,6.903,-4.733,NO,IS,6.431
2021-12-10,2021-11-30,PLATINUM,LONG,0.058,928.29999,974.59998,963.59998,971.90002,4.988,3.803,4.697,YES,IS,-12.009
2021-12-17,2021-12-07,PLATINUM,LONG,0.135,974.59998,963.59998,960.59998,1050.59998,-1.129,-1.436,7.798,YES,IS,0.031
2021-12-24,2021-12-14,PLATINUM,LONG,0.115,963.59998,960.59998,971.90002,1021.70001,-0.311,0.861,6.029,YES,IS,3.346
2022-01-14,2022-01-04,PLATINUM,LONG,0.058,1050.59998,1021.70001,1028.90002,1091.19995,-2.751,-2.065,3.864,YES,IS,7.798
2022-01-21,2022-01-11,PLATINUM,LONG,0.077,1021.70001,1028.90002,1041.09998,1060.40002,0.705,1.899,3.788,YES,IS,6.029
2022-01-28,2022-01-18,PLATINUM,LONG,0.096,1028.90002,1041.09998,1091.19995,1080.09998,1.186,6.055,4.976,YES,IS,7.11
2022-02-04,2022-01-25,PLATINUM,LONG,0.077,1041.09998,1091.19995,1060.40002,1094.40002,4.812,1.854,5.12,YES,IS,7.12
2022-02-11,2022-02-01,PLATINUM,LONG,0.058,1091.19995,1060.40002,1080.09998,1030.59998,-2.823,-1.017,-5.554,NO,IS,3.864
2022-02-18,2022-02-08,PLATINUM,LONG,0.038,1060.40002,1080.09998,1094.40002,1030.5,1.858,3.206,-2.82,NO,IS,3.788
2022-03-04,2022-02-22,PLATINUM,LONG,0.096,1094.40002,1030.59998,1030.5,954.90002,-5.83,-5.839,-12.747,NO,IS,5.12
2022-05-13,2022-05-03,PLATINUM,LONG,0.096,957.5,941.5,1029.19995,951.90002,-1.671,7.488,-0.585,NO,IS,-0.808
2022-05-20,2022-05-10,PLATINUM,LONG,0.019,941.5,1029.19995,976.70001,904.90002,9.315,3.739,-3.887,NO,IS,3.416
2022-05-27,2022-05-17,PLATINUM,LONG,0.038,1029.19995,976.70001,951.90002,898.40002,-5.101,-7.511,-12.709,NO,IS,5.907
2022-06-03,2022-05-24,PLATINUM,LONG,0.115,976.70001,951.90002,904.90002,876.40002,-2.539,-7.351,-10.269,NO,IS,4.248
2022-06-10,2022-05-31,PLATINUM,LONG,0.038,951.90002,904.90002,898.40002,830.59998,-4.937,-5.62,-12.743,NO,IS,-0.585
2022-06-17,2022-06-07,PLATINUM,LONG,0.019,904.90002,898.40002,876.40002,857.09998,-0.718,-3.15,-5.282,NO,IS,-3.887
2022-06-24,2022-06-14,PLATINUM,LONG,0.115,898.40002,876.40002,830.59998,871.90002,-2.449,-7.547,-2.95,NO,IS,-12.709
2022-07-08,2022-06-28,PLATINUM,LONG,0.135,830.59998,857.09998,871.90002,958.29999,3.19,4.972,15.374,YES,IS,-12.743
2022-07-15,2022-07-05,PLATINUM,LONG,0.077,857.09998,871.90002,922.40002,903.59998,1.727,7.619,5.425,YES,IS,-5.282
2022-07-29,2022-07-19,PLATINUM,LONG,0.135,922.40002,958.29999,903.59998,804.0,3.892,-2.038,-12.836,NO,OOS,5.249
2022-08-12,2022-08-02,PLATINUM,LONG,0.077,903.59998,873.29999,804.0,905.0,-3.353,-11.023,0.155,YES,OOS,5.425
2022-08-19,2022-08-09,PLATINUM,LONG,0.019,873.29999,804.0,865.20001,905.79999,-7.935,-0.928,3.722,YES,OOS,0.161
2022-08-26,2022-08-16,PLATINUM,LONG,0.038,804.0,865.20001,905.0,871.29999,7.612,12.562,8.371,YES,OOS,-12.836
2022-09-02,2022-08-23,PLATINUM,LONG,0.058,865.20001,905.0,905.79999,931.70001,4.6,4.693,7.686,YES,OOS,-9.715
2022-09-16,2022-09-06,PLATINUM,LONG,0.058,905.79999,871.29999,931.70001,930.09998,-3.809,2.859,2.683,YES,OOS,3.722
2022-09-23,2022-09-13,PLATINUM,LONG,0.115,871.29999,931.70001,906.79999,987.40002,6.932,4.074,13.325,YES,OOS,8.371
2022-09-30,2022-09-20,PLATINUM,LONG,0.019,931.70001,906.79999,930.09998,933.40002,-2.673,-0.172,0.182,YES,OOS,7.686
2022-10-07,2022-09-27,PLATINUM,LONG,0.019,906.79999,930.09998,987.40002,1064.30005,2.569,8.888,17.369,YES,OOS,0.199
2022-10-21,2022-10-11,PLATINUM,LONG,0.038,987.40002,933.40002,1064.30005,1014.5,-5.469,7.788,2.745,YES,OOS,13.325
2022-10-28,2022-10-18,PLATINUM,LONG,0.077,933.40002,1064.30005,1000.79999,1067.90002,14.024,7.221,14.41,YES,OOS,0.182
2022-11-04,2022-10-25,PLATINUM,LONG,0.135,1064.30005,1000.79999,1014.5,1027.59998,-5.966,-4.679,-3.448,NO,OOS,17.369
2023-01-13,2023-01-03,PLATINUM,LONG,0.038,1032.0,1013.59998,1023.5,925.09998,-1.783,-0.824,-10.359,NO,OOS,3.448
2023-06-23,2023-06-13,PLATINUM,SHORT,0.865,897.79999,904.5,975.29999,937.0,-0.746,-8.632,-4.366,NO,OOS,-11.825
2023-06-30,2023-06-20,PLATINUM,SHORT,0.942,904.5,975.29999,954.70001,912.79999,-7.828,-5.55,-0.918,NO,OOS,-11.497
2023-07-07,2023-06-27,PLATINUM,SHORT,1.0,975.29999,954.70001,937.0,908.20001,2.112,3.927,6.88,YES,OOS,-2.47
2023-07-13,2023-07-03,PLATINUM,SHORT,0.885,954.70001,937.0,912.79999,889.59998,1.854,4.389,6.819,YES,OOS,2.151
2023-07-21,2023-07-11,PLATINUM,SHORT,0.962,937.0,912.79999,908.20001,939.09998,2.583,3.074,-0.224,NO,OOS,4.366
2023-08-18,2023-08-08,PLATINUM,SHORT,0.904,939.09998,971.29999,906.5,924.59998,-3.429,3.471,1.544,YES,OOS,0.224
2023-08-25,2023-08-15,PLATINUM,SHORT,0.904,971.29999,906.5,908.0,905.29999,6.671,6.517,6.795,YES,OOS,6.409
2023-09-08,2023-08-29,PLATINUM,LONG,0.115,908.0,924.59998,905.29999,867.0,1.828,-0.297,-4.515,NO,OOS,2.068
2023-09-22,2023-09-12,PLATINUM,SHORT,0.885,905.29999,852.79999,867.0,900.09998,5.799,4.231,0.574,YES,OOS,-6.795
2023-11-10,2023-10-31,PLATINUM,LONG,0.038,897.09998,924.59998,931.20001,965.09998,3.065,3.801,7.58,YES,OOS,0.877
2023-11-24,2023-11-14,PLATINUM,SHORT,0.981,931.20001,908.09998,965.09998,1007.40002,2.481,-3.64,-8.183,NO,OOS,0.943
2024-01-12,2024-01-02,PLATINUM,LONG,0.135,903.29999,887.40002,914.0,899.09998,-1.76,1.185,-0.465,NO,OOS,-6.645
2024-01-26,2024-01-16,PLATINUM,SHORT,0.904,914.0,886.59998,899.09998,879.90002,2.998,1.63,3.731,YES,OOS,-4.183
2024-02-02,2024-01-23,PLATINUM,SHORT,1.0,886.59998,899.09998,901.70001,920.09998,-1.41,-1.703,-3.778,NO,OOS,-2.464
2024-02-16,2024-02-06,PLATINUM,SHORT,0.923,901.70001,879.90002,920.09998,910.70001,2.418,-2.041,-0.998,NO,OOS,1.611
2024-02-23,2024-02-13,PLATINUM,SHORT,0.942,879.90002,920.09998,933.40002,907.70001,-4.569,-6.08,-3.159,NO,OOS,-3.731
2024-03-01,2024-02-20,PLATINUM,SHORT,0.885,920.09998,933.40002,910.70001,939.79999,-1.446,1.022,-2.141,NO,OOS,3.778
2024-03-15,2024-03-05,PLATINUM,SHORT,1.0,910.70001,907.70001,939.79999,945.29999,0.329,-3.195,-3.799,NO,OOS,0.998
2024-03-29,2024-03-19,PLATINUM,SHORT,0.981,939.79999,976.09998,945.29999,956.70001,-3.863,-0.585,-1.798,NO,OOS,2.141
2024-05-03,2024-04-23,PLATINUM,SHORT,0.981,984.70001,1065.40002,1025.69995,1008.29999,-8.195,-4.164,-2.397,NO,OOS,0.881
2024-05-24,2024-05-14,PLATINUM,LONG,0.058,1032.90002,1008.29999,951.29999,991.70001,-2.382,-7.9,-3.989,NO,OOS,7.965
2024-05-31,2024-05-21,PLATINUM,LONG,0.135,1008.29999,951.29999,981.59998,1002.0,-5.653,-2.648,-0.625,NO,OOS,2.397
2024-06-21,2024-06-11,PLATINUM,SHORT,0.962,991.70001,1002.0,1005.5,934.90002,-1.039,-1.392,5.728,YES,OOS,-3.989
2024-06-28,2024-06-18,PLATINUM,SHORT,0.981,1002.0,1005.5,974.70001,965.40002,-0.349,2.725,3.653,YES,OOS,-0.625
2024-07-05,2024-06-25,PLATINUM,SHORT,0.885,1005.5,974.70001,934.90002,934.29999,3.063,7.021,7.081,YES,OOS,5.697
2024-07-19,2024-07-09,PLATINUM,SHORT,0.923,934.90002,965.40002,934.29999,948.59998,-3.262,0.064,-1.465,NO,OOS,-5.728
2024-07-26,2024-07-16,PLATINUM,SHORT,0.923,965.40002,934.29999,960.0,941.40002,3.221,0.559,2.486,YES,OOS,-3.653
2024-08-02,2024-07-23,PLATINUM,SHORT,1.0,934.29999,960.0,948.59998,925.90002,-2.751,-1.531,0.899,YES,OOS,-7.081
2024-09-13,2024-09-03,PLATINUM,SHORT,1.0,994.09998,1011.09998,993.20001,997.0,-1.71,0.091,-0.292,NO,OOS,4.797
2024-10-18,2024-10-08,PLATINUM,SHORT,0.923,1024.19995,991.59998,992.79999,965.20001,3.183,3.066,5.761,YES,OOS,1.296
2024-11-22,2024-11-12,PLATINUM,SHORT,0.981,926.90002,937.20001,936.59998,952.20001,-1.111,-1.046,-2.73,NO,OOS,-6.525
2024-12-06,2024-11-26,PLATINUM,SHORT,0.962,936.59998,921.5,952.20001,970.29999,1.612,-1.666,-3.598,NO,OOS,-0.224
2024-12-13,2024-12-03,PLATINUM,SHORT,0.981,921.5,952.20001,908.90002,934.29999,-3.332,1.367,-1.389,NO,OOS,-4.528
2024-12-20,2024-12-10,PLATINUM,SHORT,0.981,952.20001,908.90002,970.29999,957.09998,4.547,-1.901,-0.515,NO,OOS,2.73
2024-12-27,2024-12-17,PLATINUM,SHORT,0.865,908.90002,970.29999,934.29999,1016.5,-6.755,-2.795,-11.838,NO,OOS,-3.02
2025-01-10,2024-12-31,PLATINUM,SHORT,0.962,934.29999,957.09998,1016.5,1033.69995,-2.44,-8.798,-10.639,NO,HOLDOUT,1.389
2025-01-17,2025-01-07,PLATINUM,LONG,0.058,957.09998,1016.5,1013.70001,987.79999,6.206,5.914,3.208,YES,HOLDOUT,0.515
2025-01-24,2025-01-14,PLATINUM,LONG,0.115,1016.5,1013.70001,1033.69995,951.90002,-0.275,1.692,-6.355,NO,HOLDOUT,11.838
2025-02-14,2025-02-04,PLATINUM,LONG,0.115,987.79999,951.90002,974.79999,989.5,-3.634,-1.316,0.172,YES,HOLDOUT,3.208
2025-02-21,2025-02-11,PLATINUM,LONG,0.019,951.90002,974.79999,1002.5,983.20001,2.406,5.316,3.288,YES,HOLDOUT,-6.355
2025-02-28,2025-02-18,PLATINUM,LONG,0.077,974.79999,1002.5,989.5,942.5,2.842,1.508,-3.313,NO,HOLDOUT,-3.837
2025-03-28,2025-03-18,PLATINUM,LONG,0.038,942.5,922.40002,967.29999,964.79999,-2.133,2.631,2.366,YES,HOLDOUT,-3.313
2025-04-11,2025-04-01,PLATINUM,LONG,0.135,967.29999,971.59998,964.79999,996.5,0.445,-0.258,3.019,YES,HOLDOUT,-2.244
2025-04-18,2025-04-08,PLATINUM,SHORT,1.0,971.59998,964.79999,976.29999,1078.19995,0.7,-0.484,-10.972,NO,HOLDOUT,-1.18
2025-05-23,2025-05-13,PLATINUM,LONG,0.096,1074.69995,1133.69995,1272.69995,1399.80005,5.49,18.424,30.25,YES,HOLDOUT,11.391
2025-05-30,2025-05-20,PLATINUM,LONG,0.019,1133.69995,1272.69995,1311.5,1372.0,12.261,15.683,21.02,YES,HOLDOUT,16.122
2025-06-06,2025-05-27,PLATINUM,LONG,0.038,1272.69995,1311.5,1399.80005,1394.90002,3.049,9.987,9.602,YES,HOLDOUT,27.717
2025-06-13,2025-06-03,PLATINUM,LONG,0.077,1311.5,1399.80005,1372.0,1454.40002,6.733,4.613,10.896,YES,HOLDOUT,21.638
2025-07-25,2025-07-15,PLATINUM,LONG,0.115,1286.40002,1339.90002,1350.30005,1356.40002,4.159,4.967,5.442,YES,HOLDOUT,-6.239
2025-08-01,2025-07-22,PLATINUM,LONG,0.115,1339.90002,1350.30005,1351.19995,1371.19995,0.776,0.843,2.336,YES,HOLDOUT,-3.943
2025-10-03,2025-09-23,PLATINUM,LONG,0.096,1634.09998,1734.90002,1587.59998,1528.30005,6.169,-2.846,-6.475,NO,HOLDOUT,17.106
2025-11-28,2025-11-18,PLATINUM,SHORT,0.865,1654.40002,1707.80005,1955.5,2034.5,-3.228,-18.2,-22.975,NO,HOLDOUT,8.251
2025-12-05,2025-11-25,PLATINUM,SHORT,0.865,1707.80005,1955.5,2242.3999,2251.69995,-14.504,-31.303,-31.848,NO,HOLDOUT,6.478
2025-12-12,2025-12-02,PLATINUM,SHORT,0.904,1955.5,2242.3999,2034.5,2390.0,-14.671,-4.04,-22.219,NO,HOLDOUT,29.83
2026-01-30,2026-01-20,PLATINUM,SHORT,0.904,2061.6001,2014.0,2062.30005,2130.0,2.309,-0.034,-3.318,NO,HOLDOUT,-8.443
2026-02-06,2026-01-27,PLATINUM,SHORT,0.981,2014.0,2062.30005,2230.69995,2160.0,-2.398,-10.76,-7.249,NO,HOLDOUT,-15.732
2026-02-13,2026-02-03,PLATINUM,SHORT,0.904,2062.30005,2230.69995,2130.0,1939.19995,-8.166,-3.283,5.969,YES,HOLDOUT,-19.498
2026-02-20,2026-02-10,PLATINUM,SHORT,0.865,2230.69995,2130.0,2160.0,1838.30005,4.514,3.169,17.591,YES,HOLDOUT,-14.118
2014-08-15,2014-08-05,USD,SHORT,0.968,98.22,98.22,98.22,98.22,-0.0,-0.0,-0.0,NO,IS,0.0
2014-08-22,2014-08-12,USD,SHORT,1.0,98.22,98.22,98.22,98.22,-0.0,-0.0,-0.0,NO,IS,0.0
2014-08-29,2014-08-19,USD,SHORT,0.909,98.22,98.22,98.22,98.22,-0.0,-0.0,-0.0,NO,IS,0.0
2014-09-05,2014-08-26,USD,SHORT,1.0,98.22,98.22,98.22,98.22,-0.0,-0.0,-0.0,NO,IS,0.0
2014-09-12,2014-09-02,USD,SHORT,0.971,98.22,98.22,98.22,98.22,-0.0,-0.0,-0.0,NO,IS,0.0
2014-09-19,2014-09-09,USD,SHORT,0.917,98.22,98.22,98.22,98.22,-0.0,-0.0,-0.0,NO,IS,0.0
2014-09-26,2014-09-16,USD,SHORT,0.919,98.22,98.22,98.22,98.22,-0.0,-0.0,-0.0,NO,IS,0.0
2014-10-03,2014-09-23,USD,SHORT,0.895,98.22,98.22,98.22,98.22,-0.0,-0.0,-0.0,NO,IS,0.0
2014-10-10,2014-09-30,USD,SHORT,1.0,98.22,98.22,98.22,98.22,-0.0,-0.0,-0.0,NO,IS,0.0
2014-10-17,2014-10-07,USD,SHORT,1.0,98.22,98.22,98.22,98.22,-0.0,-0.0,-0.0,NO,IS,0.0
2014-10-24,2014-10-14,USD,SHORT,0.976,98.22,98.22,98.22,98.22,-0.0,-0.0,-0.0,NO,IS,0.0
2014-10-31,2014-10-21,USD,SHORT,0.952,98.22,98.22,98.22,98.22,-0.0,-0.0,-0.0,NO,IS,0.0
2014-11-07,2014-10-28,USD,SHORT,0.953,98.22,98.22,98.22,98.22,-0.0,-0.0,-0.0,NO,IS,0.0
2014-11-14,2014-11-04,USD,SHORT,1.0,98.22,98.22,98.22,98.22,-0.0,-0.0,-0.0,NO,IS,0.0
2014-11-21,2014-11-11,USD,SHORT,0.978,98.22,98.22,98.22,98.22,-0.0,-0.0,-0.0,NO,IS,0.0
2014-11-28,2014-11-18,USD,SHORT,0.957,98.22,98.22,98.22,98.22,-0.0,-0.0,-0.0,NO,IS,0.0
2014-12-05,2014-11-25,USD,SHORT,1.0,98.22,98.22,98.22,98.22,-0.0,-0.0,-0.0,NO,IS,0.0
2014-12-12,2014-12-02,USD,SHORT,1.0,98.22,98.22,98.22,98.22,-0.0,-0.0,-0.0,NO,IS,0.0
2014-12-19,2014-12-09,USD,SHORT,1.0,98.22,98.22,98.22,98.22,-0.0,-0.0,-0.0,NO,IS,0.0
2014-12-26,2014-12-16,USD,SHORT,1.0,98.22,98.22,98.22,98.22,-0.0,-0.0,-0.0,NO,IS,0.0
2015-01-02,2014-12-23,USD,SHORT,0.961,98.22,98.22,98.22,98.22,-0.0,-0.0,-0.0,NO,IS,0.0
2015-01-09,2014-12-30,USD,SHORT,1.0,98.22,98.22,98.22,98.22,-0.0,-0.0,-0.0,NO,IS,0.0
2015-01-16,2015-01-06,USD,SHORT,1.0,98.22,98.22,98.22,98.22,-0.0,-0.0,-0.0,NO,IS,0.0
2015-01-23,2015-01-13,USD,SHORT,0.981,98.22,98.22,98.22,98.22,-0.0,-0.0,-0.0,NO,IS,0.0
2015-01-30,2015-01-20,USD,SHORT,1.0,98.22,98.22,98.22,98.22,-0.0,-0.0,-0.0,NO,IS,0.0
2015-02-06,2015-01-27,USD,SHORT,1.0,98.22,98.22,98.22,98.22,-0.0,-0.0,-0.0,NO,IS,0.0
2015-02-13,2015-02-03,USD,SHORT,0.981,98.22,98.22,98.22,98.22,-0.0,-0.0,-0.0,NO,IS,0.0
2015-02-20,2015-02-10,USD,SHORT,0.981,98.22,98.22,98.22,98.22,-0.0,-0.0,-0.0,NO,IS,0.0
2015-02-27,2015-02-17,USD,SHORT,1.0,98.22,98.22,98.22,98.22,-0.0,-0.0,-0.0,NO,IS,0.0
2015-03-06,2015-02-24,USD,SHORT,0.981,98.22,98.22,98.22,98.22,-0.0,-0.0,-0.0,NO,IS,0.0
2015-03-13,2015-03-03,USD,SHORT,0.923,98.22,98.22,98.22,98.22,-0.0,-0.0,-0.0,NO,IS,0.0
2015-03-20,2015-03-10,USD,SHORT,0.885,98.22,98.22,98.22,98.22,-0.0,-0.0,-0.0,NO,IS,0.0
2015-03-27,2015-03-17,USD,SHORT,1.0,98.22,98.22,98.22,98.22,-0.0,-0.0,-0.0,NO,IS,0.0
2015-04-10,2015-03-31,USD,SHORT,0.885,98.22,98.22,98.22,98.22,-0.0,-0.0,-0.0,NO,IS,0.0
2015-09-04,2015-08-25,USD,LONG,0.019,98.22,98.22,98.22,98.22,0.0,0.0,0.0,NO,IS,0.0
2015-09-11,2015-09-01,USD,LONG,0.019,98.22,98.22,98.22,98.22,0.0,0.0,0.0,NO,IS,0.0
2015-09-18,2015-09-08,USD,LONG,0.038,98.22,98.22,98.22,98.22,0.0,0.0,0.0,NO,IS,0.0
2015-09-25,2015-09-15,USD,LONG,0.058,98.22,98.22,98.22,98.22,0.0,0.0,0.0,NO,IS,0.0
2015-10-02,2015-09-22,USD,LONG,0.096,98.22,98.22,98.22,98.22,0.0,0.0,0.0,NO,IS,0.0
2015-10-09,2015-09-29,USD,LONG,0.077,98.22,98.22,98.22,98.22,0.0,0.0,0.0,NO,IS,0.0
2015-10-16,2015-10-06,USD,LONG,0.115,98.22,98.22,98.22,98.22,0.0,0.0,0.0,NO,IS,0.0
2015-10-23,2015-10-13,USD,LONG,0.019,98.22,98.22,98.22,98.22,0.0,0.0,0.0,NO,IS,0.0
2015-10-30,2015-10-20,USD,LONG,0.077,98.22,98.22,98.22,98.22,0.0,0.0,0.0,NO,IS,0.0
2016-02-19,2016-02-09,USD,LONG,0.019,97.29,97.57,96.07,96.14,0.288,-1.254,-1.182,NO,IS,-1.238
2016-02-26,2016-02-16,USD,LONG,0.019,97.57,96.07,94.76,94.59,-1.537,-2.88,-3.054,NO,IS,1.14
2016-03-04,2016-02-23,USD,LONG,0.019,96.07,94.76,96.14,94.48,-1.364,0.073,-1.655,NO,IS,0.534
2016-03-11,2016-03-01,USD,LONG,0.058,94.76,96.14,94.59,94.9,1.456,-0.179,0.148,YES,IS,-2.259
2016-03-18,2016-03-08,USD,LONG,0.038,96.14,94.59,94.48,94.6,-1.612,-1.727,-1.602,NO,IS,-1.182
2016-03-25,2016-03-15,USD,LONG,0.077,94.59,94.48,94.9,93.76,-0.116,0.328,-0.877,NO,IS,-3.054
2016-04-01,2016-03-22,USD,LONG,0.038,94.48,94.9,94.6,93.78,0.445,0.127,-0.741,NO,IS,-1.655
2016-04-08,2016-03-29,USD,LONG,0.019,94.9,94.6,93.76,94.14,-0.316,-1.201,-0.801,NO,IS,0.148
2016-07-01,2016-06-21,USD,LONG,0.096,96.33,96.08,97.0,95.76,-0.26,0.696,-0.592,NO,IS,2.37
2016-07-08,2016-06-28,USD,LONG,0.019,96.08,97.0,96.74,95.86,0.958,0.687,-0.229,NO,IS,1.597
2017-01-06,2016-12-27,USD,SHORT,0.904,101.35,101.15,100.38,100.65,0.197,0.957,0.691,YES,IS,-1.726
2017-01-20,2017-01-10,USD,SHORT,0.885,100.38,99.85,100.65,101.05,0.528,-0.269,-0.667,NO,IS,-2.24
2017-01-27,2017-01-17,USD,SHORT,1.0,99.85,100.65,100.44,102.2,-0.801,-0.591,-2.354,NO,IS,-1.645
2017-02-03,2017-01-24,USD,SHORT,1.0,100.65,100.44,101.05,101.85,0.209,-0.397,-1.192,NO,IS,-0.691
2017-02-10,2017-01-31,USD,SHORT,1.0,100.44,101.05,102.2,100.27,-0.607,-1.752,0.169,YES,IS,-0.702
2017-02-24,2017-02-14,USD,SHORT,0.904,102.2,101.85,100.27,100.41,0.342,1.888,1.751,YES,IS,2.354
2017-03-17,2017-03-07,USD,SHORT,0.942,99.76,100.41,100.67,99.78,-0.652,-0.912,-0.02,NO,IS,-1.277
2017-07-07,2017-06-27,USD,LONG,0.115,95.73,94.27,93.86,93.4,-1.525,-1.953,-2.434,NO,IS,-1.745
2017-07-13,2017-07-03,USD,LONG,0.096,94.27,93.86,92.81,93.62,-0.435,-1.549,-0.69,NO,IS,-3.352
2017-07-21,2017-07-11,USD,LONG,0.048,93.86,92.81,93.4,93.28,-1.119,-0.49,-0.618,NO,IS,-1.851
2017-08-25,2017-08-15,USD,SHORT,0.885,92.67,91.53,92.12,93.09,1.23,0.593,-0.453,NO,IS,-0.151
2017-09-29,2017-09-19,USD,LONG,0.096,93.96,93.12,93.27,94.69,-0.894,-0.734,0.777,YES,IS,2.655
2017-10-20,2017-10-10,USD,LONG,0.135,94.61,94.69,94.44,93.22,0.085,-0.18,-1.469,NO,IS,1.633
2017-10-27,2017-10-17,USD,SHORT,0.885,94.69,94.44,93.93,93.01,0.264,0.803,1.774,YES,IS,0.777
2017-11-10,2017-10-31,USD,SHORT,0.904,93.93,93.22,93.01,93.49,0.756,0.979,0.468,YES,IS,0.708
2017-11-17,2017-11-07,USD,SHORT,0.942,93.22,93.01,93.8,93.28,0.225,-0.622,-0.064,NO,IS,-1.469
2017-12-29,2017-12-19,USD,LONG,0.115,91.85,91.85,90.5,88.67,0.0,-1.47,-3.462,NO,IS,-2.079
2018-01-05,2017-12-26,USD,LONG,0.038,91.85,90.5,89.39,90.23,-1.47,-2.678,-1.764,NO,IS,-1.754
2018-01-12,2018-01-02,USD,LONG,0.019,90.5,89.39,88.67,88.59,-1.227,-2.022,-2.111,NO,IS,-2.98
2018-01-19,2018-01-09,USD,LONG,0.038,89.39,88.67,90.23,89.75,-0.805,0.94,0.403,YES,IS,-3.467
2018-01-26,2018-01-16,USD,LONG,0.019,88.67,90.23,88.59,90.32,1.759,-0.09,1.861,YES,IS,-3.462
2018-02-02,2018-01-23,USD,LONG,0.038,90.23,88.59,89.75,90.12,-1.818,-0.532,-0.122,NO,IS,-1.764
2018-02-09,2018-01-30,USD,LONG,0.038,88.59,89.75,90.32,90.14,1.309,1.953,1.75,YES,IS,-2.111
2018-02-16,2018-02-06,USD,LONG,0.058,89.75,90.32,90.12,89.86,0.635,0.412,0.123,YES,IS,0.403
2018-02-23,2018-02-13,USD,LONG,0.019,90.32,90.12,90.14,90.15,-0.221,-0.199,-0.188,NO,IS,1.861
2018-03-02,2018-02-20,USD,LONG,0.038,90.12,90.14,89.86,90.46,0.022,-0.289,0.377,YES,IS,-0.122
2018-03-09,2018-02-27,USD,LONG,0.135,90.14,89.86,90.15,89.75,-0.311,0.011,-0.433,NO,IS,1.75
2018-03-16,2018-03-06,USD,LONG,0.135,89.86,90.15,90.46,89.94,0.323,0.668,0.089,YES,IS,0.123
2018-03-23,2018-03-13,USD,LONG,0.077,90.15,90.46,89.75,91.56,0.344,-0.444,1.564,YES,IS,-0.188
2018-03-30,2018-03-20,USD,LONG,0.135,90.46,89.75,89.94,92.41,-0.785,-0.575,2.156,YES,IS,0.377
2018-04-06,2018-03-27,USD,LONG,0.019,89.75,89.94,91.56,92.65,0.212,2.017,3.231,YES,IS,-0.433
2018-04-20,2018-04-10,USD,LONG,0.115,91.56,92.41,92.65,93.78,0.928,1.19,2.425,YES,IS,1.564
2018-10-26,2018-10-16,USD,LONG,0.058,96.28,96.64,96.93,96.78,0.374,0.675,0.519,YES,IS,0.554
2018-11-16,2018-11-06,USD,LONG,0.058,96.48,96.78,96.81,96.28,0.311,0.342,-0.207,NO,IS,-0.207
2018-11-23,2018-11-13,USD,LONG,0.115,96.78,96.81,97.06,96.48,0.031,0.289,-0.31,NO,IS,0.519
2018-12-14,2018-12-04,USD,LONG,0.019,96.28,96.48,96.31,96.07,0.208,0.031,-0.218,NO,IS,-0.207
2018-12-21,2018-12-11,USD,LONG,0.058,96.48,96.31,95.54,96.6,-0.176,-0.974,0.124,YES,IS,-0.31
2018-12-28,2018-12-18,USD,LONG,0.096,96.31,95.54,96.07,95.58,-0.799,-0.249,-0.758,NO,IS,-0.516
2019-01-03,2018-12-24,USD,LONG,0.019,95.54,96.07,96.6,96.51,0.555,1.109,1.015,YES,IS,-1.566
2019-01-10,2018-12-31,USD,LONG,0.019,96.07,96.6,95.58,96.98,0.552,-0.51,0.947,YES,IS,-0.218
2019-01-18,2019-01-08,USD,LONG,0.019,96.6,95.58,96.51,96.61,-1.056,-0.093,0.01,YES,IS,0.124
2019-01-25,2019-01-15,USD,LONG,0.038,95.58,96.51,96.98,96.16,0.973,1.465,0.607,YES,IS,-0.758
2019-02-01,2019-01-22,USD,LONG,0.058,96.51,96.98,96.61,97.67,0.487,0.104,1.202,YES,IS,1.015
2019-02-08,2019-01-29,USD,LONG,0.077,96.98,96.61,96.16,96.79,-0.382,-0.846,-0.196,NO,IS,0.947
2019-02-15,2019-02-05,USD,LONG,0.096,96.61,96.16,97.67,96.5,-0.466,1.097,-0.114,NO,IS,0.01
2019-02-22,2019-02-12,USD,LONG,0.096,96.16,97.67,96.79,97.2,1.57,0.655,1.082,YES,IS,0.607
2019-03-01,2019-02-19,USD,LONG,0.115,97.67,96.79,96.5,97.31,-0.901,-1.198,-0.369,NO,IS,1.202
2019-03-08,2019-02-26,USD,LONG,0.135,96.79,96.5,97.2,97.18,-0.3,0.424,0.403,YES,IS,-0.196
2019-07-05,2019-06-25,USD,LONG,0.135,97.05,96.79,97.82,97.62,-0.268,0.793,0.587,YES,IS,0.041
2019-07-19,2019-07-09,USD,LONG,0.058,97.82,98.39,97.62,98.17,0.583,-0.204,0.358,YES,IS,1.695
2019-07-26,2019-07-16,USD,LONG,0.077,98.39,97.62,98.14,98.51,-0.783,-0.254,0.122,YES,IS,1.706
2019-08-02,2019-07-23,USD,LONG,0.058,97.62,98.14,98.17,98.41,0.533,0.563,0.809,YES,IS,0.587
2019-08-09,2019-07-30,USD,LONG,0.135,98.14,98.17,98.51,98.31,0.031,0.377,0.173,YES,IS,1.395
2020-01-03,2019-12-24,USD,LONG,0.077,97.45,97.32,97.69,98.5,-0.133,0.246,1.077,YES,IS,0.051
2020-01-10,2019-12-31,USD,LONG,0.077,97.32,97.69,97.87,99.07,0.38,0.565,1.798,YES,IS,-0.103
2020-01-17,2020-01-07,USD,LONG,0.077,97.69,97.87,98.5,99.87,0.184,0.829,2.232,YES,IS,0.102
2020-01-24,2020-01-14,USD,LONG,0.058,97.87,98.5,99.07,98.44,0.644,1.226,0.582,YES,IS,1.053
2020-06-12,2020-06-02,USD,LONG,0.096,97.42,97.43,97.32,96.35,0.01,-0.103,-1.098,NO,IS,-1.962
2020-06-19,2020-06-09,USD,LONG,0.115,97.43,97.32,96.7,94.69,-0.113,-0.749,-2.812,NO,IS,-0.966
2020-06-26,2020-06-16,USD,LONG,0.019,97.32,96.7,96.35,93.02,-0.637,-0.997,-4.418,NO,IS,0.662
2020-07-03,2020-06-23,USD,LONG,0.019,96.7,96.35,94.69,92.79,-0.362,-2.079,-4.043,NO,IS,-0.031
2020-07-10,2020-06-30,USD,LONG,0.038,96.35,94.69,93.02,93.34,-1.723,-3.456,-3.124,NO,IS,-1.098
2020-07-17,2020-07-07,USD,LONG,0.019,94.69,93.02,92.79,92.79,-1.764,-2.007,-2.007,NO,IS,-2.812
2020-07-24,2020-07-14,USD,LONG,0.019,93.02,92.79,93.34,93.01,-0.247,0.344,-0.011,NO,IS,-4.418
2020-07-31,2020-07-21,USD,LONG,0.019,92.79,93.34,92.79,92.74,0.593,0.0,-0.054,NO,IS,-4.043
2020-08-07,2020-07-28,USD,LONG,0.019,93.34,92.79,93.01,93.34,-0.589,-0.354,0.0,NO,IS,-3.124
2020-08-14,2020-08-04,USD,LONG,0.019,92.79,93.01,92.74,92.97,0.237,-0.054,0.194,YES,IS,-2.007
2020-08-21,2020-08-11,USD,LONG,0.077,93.01,92.74,93.34,94.35,-0.29,0.355,1.441,YES,IS,-0.011
2020-08-28,2020-08-18,USD,LONG,0.038,92.74,93.34,92.97,93.71,0.647,0.248,1.046,YES,IS,-0.054
2020-09-11,2020-09-01,USD,LONG,0.096,92.97,94.35,93.71,93.86,1.484,0.796,0.957,YES,IS,0.194
2021-01-29,2021-01-19,USD,SHORT,0.981,91.53,90.42,90.59,91.63,1.213,1.027,-0.109,NO,IS,1.892
2021-02-05,2021-01-26,USD,SHORT,0.962,90.42,90.59,90.13,91.42,-0.188,0.321,-1.106,NO,IS,0.199
2021-02-12,2021-02-02,USD,SHORT,1.0,90.59,90.13,91.63,91.85,0.508,-1.148,-1.391,NO,IS,0.51
2021-03-19,2021-03-09,USD,SHORT,0.962,92.88,92.93,92.06,91.33,-0.054,0.883,1.669,YES,IS,3.051
2021-03-26,2021-03-16,USD,SHORT,1.0,92.93,92.06,91.67,90.61,0.936,1.356,2.497,YES,IS,1.419
2021-04-02,2021-03-23,USD,SHORT,1.0,92.06,91.67,91.33,90.95,0.424,0.793,1.206,YES,IS,0.7
2021-04-09,2021-03-30,USD,SHORT,1.0,91.67,91.33,90.61,90.75,0.371,1.156,1.004,YES,IS,-0.196
2021-04-16,2021-04-06,USD,SHORT,1.0,91.33,90.61,90.95,89.81,0.788,0.416,1.664,YES,IS,-1.669
2021-04-23,2021-04-13,USD,SHORT,0.923,90.61,90.95,90.75,89.97,-0.375,-0.155,0.706,YES,IS,-2.497
2021-04-30,2021-04-20,USD,SHORT,0.962,90.95,90.75,89.81,90.5,0.22,1.253,0.495,YES,IS,-1.206
2021-05-07,2021-04-27,USD,SHORT,0.865,90.75,89.81,89.97,90.08,1.036,0.86,0.738,YES,IS,-1.004
2021-05-14,2021-05-04,USD,SHORT,0.962,89.81,89.97,90.5,91.89,-0.178,-0.768,-2.316,NO,IS,-1.664
2021-06-11,2021-06-01,USD,SHORT,0.865,91.89,91.82,92.6,92.62,0.076,-0.773,-0.794,NO,IS,2.316
2021-06-18,2021-06-08,USD,SHORT,1.0,91.82,92.6,92.36,92.82,-0.849,-0.588,-1.089,NO,IS,2.056
2021-06-25,2021-06-15,USD,SHORT,0.981,92.6,92.36,92.62,91.86,0.259,-0.022,0.799,YES,IS,2.32
2021-07-02,2021-06-22,USD,SHORT,1.0,92.36,92.62,92.82,92.24,-0.282,-0.498,0.13,YES,IS,2.531
2021-07-09,2021-06-29,USD,SHORT,1.0,92.62,92.82,91.86,93.04,-0.216,0.821,-0.453,NO,IS,0.794
2021-07-16,2021-07-06,USD,SHORT,1.0,92.82,91.86,92.24,93.57,1.034,0.625,-0.808,NO,IS,1.089
2021-07-23,2021-07-13,USD,SHORT,0.981,91.86,92.24,93.04,93.06,-0.414,-1.285,-1.306,NO,IS,-0.799
2021-07-30,2021-07-20,USD,SHORT,1.0,92.24,93.04,93.57,92.23,-0.867,-1.442,0.011,YES,IS,-0.13
2021-08-06,2021-07-27,USD,SHORT,1.0,93.04,93.57,93.06,92.48,-0.57,-0.021,0.602,YES,IS,0.453
2021-08-13,2021-08-03,USD,SHORT,0.904,93.57,93.06,92.23,92.86,0.545,1.432,0.759,YES,IS,0.808
2021-08-20,2021-08-10,USD,SHORT,0.904,93.06,92.23,92.48,93.1,0.892,0.623,-0.043,NO,IS,1.306
2021-08-27,2021-08-17,USD,SHORT,0.904,92.23,92.48,92.86,94.25,-0.271,-0.683,-2.19,NO,IS,-0.011
2021-09-03,2021-08-24,USD,SHORT,0.923,92.48,92.86,93.1,94.22,-0.411,-0.67,-1.881,NO,IS,-0.602
2021-09-10,2021-08-31,USD,SHORT,0.962,92.86,93.1,94.25,93.96,-0.258,-1.497,-1.185,NO,IS,-0.759
2021-09-17,2021-09-07,USD,SHORT,0.962,93.1,94.25,94.22,93.77,-1.235,-1.203,-0.72,NO,IS,0.043
2021-09-24,2021-09-14,USD,SHORT,0.942,94.25,94.22,93.96,93.35,0.032,0.308,0.955,YES,IS,2.19
2021-10-15,2021-10-05,USD,SHORT,1.0,93.77,93.35,94.35,95.54,0.448,-0.619,-1.888,NO,IS,0.72
2021-10-22,2021-10-12,USD,SHORT,1.0,93.35,94.35,95.18,96.84,-1.071,-1.96,-3.739,NO,IS,-0.955
2021-10-29,2021-10-19,USD,SHORT,0.981,94.35,95.18,95.54,96.13,-0.88,-1.261,-1.887,NO,IS,0.138
2021-11-05,2021-10-26,USD,SHORT,0.981,95.18,95.54,96.84,96.27,-0.378,-1.744,-1.145,NO,IS,1.298
2021-11-12,2021-11-02,USD,SHORT,0.962,95.54,96.84,96.13,96.04,-1.361,-0.618,-0.523,NO,IS,1.888
2021-11-19,2021-11-09,USD,SHORT,0.885,96.84,96.13,96.27,96.02,0.733,0.589,0.847,YES,IS,3.739
2022-01-07,2021-12-28,USD,SHORT,0.885,94.79,95.74,97.26,95.55,-1.002,-2.606,-0.802,NO,IS,-1.302
2022-01-21,2022-01-11,USD,SHORT,0.904,97.26,95.38,95.55,97.14,1.933,1.758,0.123,YES,IS,1.344
2022-01-28,2022-01-18,USD,SHORT,0.885,95.38,95.55,95.8,97.79,-0.178,-0.44,-2.527,NO,IS,-0.904
2022-02-11,2022-02-01,USD,SHORT,0.962,95.8,97.14,97.79,98.01,-1.399,-2.077,-2.307,NO,IS,0.063
2022-02-18,2022-02-08,USD,SHORT,0.923,97.14,97.79,98.51,98.79,-0.669,-1.41,-1.699,NO,IS,-0.123
2022-04-22,2022-04-12,USD,SHORT,0.865,103.62,103.75,104.85,101.83,-0.125,-1.187,1.727,YES,IS,5.401
2022-04-29,2022-04-19,USD,LONG,0.135,103.75,104.85,102.72,101.77,1.06,-0.993,-1.908,NO,IS,4.01
2022-05-06,2022-04-26,USD,LONG,0.058,104.85,102.72,101.83,103.22,-2.031,-2.88,-1.555,NO,IS,4.516
2022-05-13,2022-05-03,USD,LONG,0.058,102.72,101.83,101.77,103.63,-0.866,-0.925,0.886,YES,IS,2.128
2022-05-20,2022-05-10,USD,LONG,0.019,101.83,101.77,103.22,104.43,-0.059,1.365,2.553,YES,IS,-1.727
2022-05-27,2022-05-17,USD,LONG,0.115,101.77,103.22,103.63,104.69,1.425,1.828,2.869,YES,IS,-1.908
2022-06-03,2022-05-24,USD,LONG,0.077,103.22,103.63,104.43,107.13,0.397,1.172,3.788,YES,IS,-1.555
2022-06-24,2022-06-14,USD,LONG,0.096,104.69,107.13,108.54,106.35,2.331,3.678,1.586,YES,IS,2.869
2022-07-01,2022-06-21,USD,LONG,0.019,107.13,108.54,106.91,105.69,1.316,-0.205,-1.344,NO,IS,3.788
2022-07-15,2022-07-05,USD,LONG,0.038,106.91,106.35,105.69,107.48,-0.524,-1.141,0.533,YES,IS,2.375
2022-07-22,2022-07-12,USD,LONG,0.077,106.35,105.69,105.09,108.47,-0.621,-1.185,1.993,YES,IS,1.586
2022-07-29,2022-07-19,USD,LONG,0.077,105.69,105.09,107.48,109.69,-0.568,1.694,3.785,YES,OOS,-1.344
2022-09-02,2022-08-23,USD,LONG,0.096,109.71,109.74,111.35,112.26,0.027,1.495,2.324,YES,OOS,4.396
2022-09-16,2022-09-06,USD,LONG,0.058,111.35,112.25,112.26,112.88,0.808,0.817,1.374,YES,OOS,2.655
2022-10-07,2022-09-27,USD,LONG,0.038,112.36,112.88,110.59,108.21,0.463,-1.575,-3.693,NO,OOS,2.387
2023-01-13,2023-01-03,USD,LONG,0.135,102.06,101.84,101.75,103.86,-0.216,-0.304,1.764,YES,OOS,-2.269
2023-01-27,2023-01-17,USD,LONG,0.058,101.75,103.22,103.86,105.03,1.445,2.074,3.224,YES,OOS,-3.132
2023-02-24,2023-02-14,USD,SHORT,0.885,105.03,105.31,104.42,102.14,-0.267,0.581,2.752,YES,OOS,3.224
2023-03-03,2023-02-21,USD,SHORT,0.942,105.31,104.42,102.53,101.82,0.845,2.64,3.314,YES,OOS,2.025
2023-03-10,2023-02-28,USD,SHORT,0.865,104.42,102.53,102.14,101.01,1.81,2.183,3.266,YES,OOS,0.539
2023-04-07,2023-03-28,USD,LONG,0.115,101.01,101.84,101.5,102.06,0.822,0.485,1.039,YES,OOS,-3.266
2023-04-14,2023-04-04,USD,LONG,0.058,101.84,101.5,101.4,103.58,-0.334,-0.432,1.709,YES,OOS,-0.673
2023-04-21,2023-04-11,USD,LONG,0.038,101.5,101.4,102.06,104.21,-0.099,0.552,2.67,YES,OOS,-0.627
2023-04-28,2023-04-18,USD,LONG,0.019,101.4,102.06,103.58,103.56,0.651,2.15,2.13,YES,OOS,-0.412
2023-05-05,2023-04-25,USD,LONG,0.096,102.06,103.58,104.21,103.34,1.489,2.107,1.254,YES,OOS,1.039
2023-05-12,2023-05-02,USD,LONG,0.096,103.58,104.21,103.56,102.12,0.608,-0.019,-1.41,NO,OOS,1.709
2023-05-19,2023-05-09,USD,LONG,0.038,104.21,103.56,103.34,102.39,-0.624,-0.835,-1.746,NO,OOS,2.67
2023-06-30,2023-06-20,USD,LONG,0.058,103.17,99.77,100.88,102.54,-3.296,-2.22,-0.611,NO,OOS,-0.165
2023-07-21,2023-07-11,USD,LONG,0.058,101.77,102.54,102.52,103.98,0.757,0.737,2.172,YES,OOS,-1.519
2023-07-28,2023-07-18,USD,LONG,0.019,102.54,102.52,103.44,103.62,-0.02,0.878,1.053,YES,OOS,-0.611
2023-08-04,2023-07-25,USD,LONG,0.019,102.52,103.44,103.98,105.06,0.897,1.424,2.478,YES,OOS,2.756
2023-08-11,2023-08-01,USD,LONG,0.038,103.44,103.98,103.62,105.41,0.522,0.174,1.904,YES,OOS,2.538
2023-08-18,2023-08-08,USD,LONG,0.019,103.98,103.62,105.06,105.36,-0.346,1.039,1.327,YES,OOS,2.172
2023-08-25,2023-08-15,USD,LONG,0.096,103.62,105.06,105.41,106.22,1.39,1.727,2.509,YES,OOS,1.053
2023-09-01,2023-08-22,USD,LONG,0.096,105.06,105.41,105.36,106.33,0.333,0.286,1.209,YES,OOS,2.478
2023-09-08,2023-08-29,USD,LONG,0.135,105.41,105.36,106.22,106.57,-0.047,0.768,1.1,YES,OOS,1.904
2023-11-03,2023-10-24,USD,LONG,0.096,105.91,104.37,103.92,103.54,-1.454,-1.879,-2.238,NO,OOS,-0.619
2023-11-17,2023-11-07,USD,LONG,0.096,103.92,103.5,103.54,101.84,-0.404,-0.366,-2.002,NO,OOS,-2.514
2023-11-24,2023-11-14,USD,LONG,0.096,103.5,103.54,101.96,101.23,0.039,-1.488,-2.193,NO,OOS,-2.469
2023-12-01,2023-11-21,USD,LONG,0.019,103.54,101.96,101.84,102.42,-1.526,-1.642,-1.082,NO,OOS,-2.238
2023-12-08,2023-11-28,USD,LONG,0.019,101.96,101.84,101.23,102.29,-0.118,-0.716,0.324,YES,OOS,-2.309
2023-12-15,2023-12-05,USD,LONG,0.038,101.84,101.23,102.42,103.54,-0.599,0.57,1.669,YES,OOS,-2.002
2023-12-22,2023-12-12,USD,LONG,0.115,101.23,102.42,102.29,103.57,1.176,1.047,2.312,YES,OOS,-2.193
2023-12-29,2023-12-19,USD,LONG,0.038,102.42,102.29,103.54,103.05,-0.127,1.094,0.615,YES,OOS,-1.082
2024-01-05,2023-12-26,USD,LONG,0.019,102.29,103.54,103.57,104.15,1.222,1.251,1.818,YES,OOS,0.324
2024-01-12,2024-01-02,USD,LONG,0.038,103.54,103.57,103.05,104.3,0.029,-0.473,0.734,YES,OOS,1.669
2024-01-19,2024-01-09,USD,LONG,0.096,103.57,103.05,104.15,103.96,-0.502,0.56,0.377,YES,OOS,2.312
2024-01-26,2024-01-16,USD,LONG,0.135,103.05,104.15,104.3,104.16,1.067,1.213,1.077,YES,OOS,0.615
2024-04-12,2024-04-02,USD,SHORT,0.865,106.15,105.6,105.3,104.46,0.518,0.801,1.592,YES,OOS,2.067
2024-04-26,2024-04-16,USD,SHORT,0.865,105.3,105.23,104.46,104.72,0.066,0.798,0.551,YES,OOS,1.133
2024-05-03,2024-04-23,USD,SHORT,0.885,105.23,104.46,105.11,104.1,0.732,0.114,1.074,YES,OOS,-0.047
2024-06-28,2024-06-18,USD,SHORT,0.885,105.13,104.44,104.17,104.42,0.656,0.913,0.675,YES,OOS,0.989
2024-07-05,2024-06-25,USD,SHORT,0.865,104.44,104.17,104.36,103.21,0.259,0.077,1.178,YES,OOS,-0.722
2024-07-12,2024-07-02,USD,SHORT,0.923,104.17,104.36,104.42,102.98,-0.182,-0.24,1.142,YES,OOS,-1.345
2024-08-16,2024-08-06,USD,LONG,0.135,101.51,101.34,101.11,100.61,-0.167,-0.394,-0.887,NO,OOS,-2.731
2024-08-23,2024-08-13,USD,LONG,0.019,101.34,101.11,101.37,100.56,-0.227,0.03,-0.77,NO,OOS,-2.95
2024-08-30,2024-08-20,USD,LONG,0.038,101.11,101.37,100.61,101.99,0.257,-0.495,0.87,YES,OOS,-2.035
2024-09-06,2024-08-27,USD,LONG,0.038,101.37,100.61,100.56,102.99,-0.75,-0.799,1.598,YES,OOS,-1.563
2024-09-13,2024-09-03,USD,LONG,0.019,100.61,100.56,101.99,103.83,-0.05,1.372,3.2,YES,OOS,-0.887
2024-09-20,2024-09-10,USD,LONG,0.019,100.56,101.99,102.99,104.06,1.422,2.416,3.481,YES,OOS,-0.77
2024-09-27,2024-09-17,USD,LONG,0.038,101.99,102.99,103.83,103.98,0.98,1.804,1.951,YES,OOS,0.87
2024-10-04,2024-09-24,USD,LONG,0.058,102.99,103.83,104.06,104.51,0.816,1.039,1.476,YES,OOS,1.598
2024-10-11,2024-10-01,USD,LONG,0.077,103.83,104.06,103.98,106.67,0.222,0.144,2.735,YES,OOS,3.2
2024-12-27,2024-12-17,USD,SHORT,0.865,109.39,109.18,108.96,107.8,0.192,0.393,1.454,YES,OOS,3.481
2025-01-03,2024-12-24,USD,SHORT,0.865,109.18,108.96,108.05,107.69,0.202,1.035,1.365,YES,OOS,2.076
2025-05-16,2025-05-06,USD,LONG,0.135,99.96,99.28,98.74,98.91,-0.68,-1.22,-1.05,NO,HOLDOUT,0.675
2025-06-06,2025-05-27,USD,LONG,0.135,97.92,98.91,97.15,97.65,1.011,-0.786,-0.276,NO,HOLDOUT,-2.934
2025-06-13,2025-06-03,USD,LONG,0.096,98.91,97.15,97.18,98.73,-1.779,-1.749,-0.182,NO,HOLDOUT,-1.05
2025-08-15,2025-08-05,USD,SHORT,0.962,98.62,97.81,98.35,97.35,0.821,0.274,1.288,YES,HOLDOUT,1.273
2026-02-20,2026-02-10,USD,LONG,0.058,97.79,99.32,99.74,99.9,1.565,1.994,2.158,YES,HOLDOUT,1.568
2026-03-27,2026-03-17,USD,SHORT,0.981,99.587,,,,,,,,HOLDOUT,0.269
